<?xml version="1.0" encoding="UTF-8"?>
<ns8:ExportConfiguration xmlns="http://digev.com/uri/products/ManagementServer/xsd/1.0" xmlns:ns10="http://soa.com/uri/products/Policy/xsd/1.0" xmlns:ns11="http://soa.com/uri/products/Contracts/xsd/1.0" xmlns:ns12="http://soa.com/uri/products/IdentityAuthorization/xsd/1.0" xmlns:ns13="http://soa.com/uri/products/Organization/xsd/1.0" xmlns:ns14="http://digev.com/uri/products/AlertManager/xsd/1.0" xmlns:ns15="http://digev.com/uri/products/PolicyManager/xsd/1.0" xmlns:ns2="http://digev.com/uri/products/Types/xsd/1.0" xmlns:ns3="http://www.soa.com/uri/products/SLAPolicy/xsd/1.0" xmlns:ns4="urn:uddi-org:api_v3" xmlns:ns5="http://www.w3.org/2000/09/xmldsig#" xmlns:ns6="http://soa.com/uri/products/ServiceProperties/1.0" xmlns:ns7="http://soa.com/uri/products/ServiceEndpointProperties/1.0" xmlns:ns8="http://www.soa.com/uri/products/ServiceManagerMigration/xsd/1.0" xmlns:ns9="urn:uddi-org:sub_v3"><ns8:SourceOrganization><ns2:Key>uddi:soa.com:registryorganization</ns2:Key></ns8:SourceOrganization><ns8:ExportObjectConfiguration><ns2:OrganizationKey><ns2:Key>uddi:a3a9ce62-4b66-11e5-91f8-92d0b89fb9e1</ns2:Key></ns2:OrganizationKey><ns8:ExportOrganization><ns13:Organization><ns13:OrganizationKey><ns2:Key>uddi:a3a9ce62-4b66-11e5-91f8-92d0b89fb9e1</ns2:Key></ns13:OrganizationKey><ns13:ParentKey><ns2:Key>uddi:soa.com:registryorganization</ns2:Key></ns13:ParentKey><ns13:Name>AlertSite</ns13:Name><ns13:Description></ns13:Description><ns13:OrganizationType>Application</ns13:OrganizationType></ns13:Organization><ns4:businessEntity businessKey="uddi:a3a9ce62-4b66-11e5-91f8-92d0b89fb9e1"><ns4:name>AlertSite</ns4:name><ns4:categoryBag><ns4:keyedReferenceGroup tModelKey="uddi:soa.com:organization:group"><ns4:keyedReference keyName="Organization type" keyValue="Application" tModelKey="uddi:soa.com:categorization:organizationtype"/></ns4:keyedReferenceGroup></ns4:categoryBag></ns4:businessEntity></ns8:ExportOrganization></ns8:ExportObjectConfiguration><ns8:ExportObjectConfiguration><ns2:BpelKey><ns2:Key>bpel:459ea63d-4cfd-11e5-96f0-8e4e70a48d19</ns2:Key></ns2:BpelKey><ns8:ExportBpel><ns8:BpelUri>bpels/bpel_459ea63d-4cfd-11e5-96f0-8e4e70a48d19.xml</ns8:BpelUri></ns8:ExportBpel></ns8:ExportObjectConfiguration><ns8:ExportObjectConfiguration><ns2:BpelKey><ns2:Key>bpel:f6e36f42-4c21-11e5-96f0-8e4e70a48d19</ns2:Key></ns2:BpelKey><ns8:ExportBpel><ns8:BpelUri>bpels/bpel_f6e36f42-4c21-11e5-96f0-8e4e70a48d19.xml</ns8:BpelUri></ns8:ExportBpel></ns8:ExportObjectConfiguration><ns8:ExportObjectConfiguration><ns2:InterfaceKey><ns2:Key>uddi:af78cf03-88cb-8ec2-fd46-ee9ba105eee1</ns2:Key><ns2:InterfaceQName>{https://www.alertsite.com/report-api/}Alert_Site_API_PortType</ns2:InterfaceQName></ns2:InterfaceKey><ns8:ExportInterface><ns4:tModel deleted="false" tModelKey="uddi:af78cf03-88cb-8ec2-fd46-ee9ba105eee1"><ns4:name>Alert_Site_API_PortType</ns4:name><ns4:categoryBag><ns4:keyedReference keyName="WSDL type" keyValue="portType" tModelKey="uddi:uddi.org:wsdl:types"/><ns4:keyedReference keyName="portType namespace" keyValue="https://www.alertsite.com/report-api/" tModelKey="uddi:uddi.org:xml:namespace"/></ns4:categoryBag></ns4:tModel><ns8:InterfaceWsdlUri>wsdls/uddi_af78cf03-88cb-8ec2-fd46-ee9ba105eee1.wsdl</ns8:InterfaceWsdlUri></ns8:ExportInterface></ns8:ExportObjectConfiguration><ns8:ExportObjectConfiguration><ns2:InterfaceKey><ns2:Key>uddi:4b5b510e-b26d-23af-f15d-63978be6f8a0</ns2:Key><ns2:InterfaceQName>{https://www.alertsite.com/report-api/}AlertSite_Detail_API_PortType</ns2:InterfaceQName></ns2:InterfaceKey><ns8:ExportInterface><ns4:tModel deleted="false" tModelKey="uddi:4b5b510e-b26d-23af-f15d-63978be6f8a0"><ns4:name>AlertSite_Detail_API_PortType</ns4:name><ns4:categoryBag><ns4:keyedReference keyName="WSDL type" keyValue="portType" tModelKey="uddi:uddi.org:wsdl:types"/><ns4:keyedReference keyName="portType namespace" keyValue="https://www.alertsite.com/report-api/" tModelKey="uddi:uddi.org:xml:namespace"/></ns4:categoryBag></ns4:tModel><ns8:InterfaceWsdlUri>wsdls/uddi_4b5b510e-b26d-23af-f15d-63978be6f8a0.wsdl</ns8:InterfaceWsdlUri></ns8:ExportInterface></ns8:ExportObjectConfiguration><ns8:ExportObjectConfiguration><ns2:BindingKey><ns2:Key>uddi:3ed06ec4-79fb-2f72-cec9-6912bf453002</ns2:Key><ns2:BindingQName>{https://www.alertsite.com/report-api/}Alert_Site_API_Binding</ns2:BindingQName><ns2:BindingType>binding.http</ns2:BindingType></ns2:BindingKey><ns8:ExportBinding><ns4:tModel deleted="false" tModelKey="uddi:3ed06ec4-79fb-2f72-cec9-6912bf453002"><ns4:name>Alert_Site_API_Binding</ns4:name><ns4:categoryBag><ns4:keyedReference keyName="uddi-org:types" keyValue="wsdlSpec" tModelKey="uddi:uddi.org:categorization:types"/><ns4:keyedReference keyName="portType Reference" keyValue="uddi:af78cf03-88cb-8ec2-fd46-ee9ba105eee1" tModelKey="uddi:uddi.org:wsdl:porttypereference"/><ns4:keyedReference keyName="WSDL type" keyValue="binding" tModelKey="uddi:uddi.org:wsdl:types"/><ns4:keyedReference keyName="binding namespace" keyValue="https://www.alertsite.com/report-api/" tModelKey="uddi:uddi.org:xml:namespace"/></ns4:categoryBag></ns4:tModel><ns8:BindingWsdlUri>wsdls/uddi_3ed06ec4-79fb-2f72-cec9-6912bf453002.wsdl</ns8:BindingWsdlUri></ns8:ExportBinding></ns8:ExportObjectConfiguration><ns8:ExportObjectConfiguration><ns2:BindingKey><ns2:Key>uddi:4979d402-8e1c-3999-0f9a-43b8f5de3650</ns2:Key><ns2:BindingQName>{https://www.alertsite.com/report-api/}AlertSite_Detail_API_Binding</ns2:BindingQName><ns2:BindingType>binding.http</ns2:BindingType></ns2:BindingKey><ns8:ExportBinding><ns4:tModel deleted="false" tModelKey="uddi:4979d402-8e1c-3999-0f9a-43b8f5de3650"><ns4:name>AlertSite_Detail_API_Binding</ns4:name><ns4:categoryBag><ns4:keyedReference keyName="uddi-org:types" keyValue="wsdlSpec" tModelKey="uddi:uddi.org:categorization:types"/><ns4:keyedReference keyName="portType Reference" keyValue="uddi:4b5b510e-b26d-23af-f15d-63978be6f8a0" tModelKey="uddi:uddi.org:wsdl:porttypereference"/><ns4:keyedReference keyName="WSDL type" keyValue="binding" tModelKey="uddi:uddi.org:wsdl:types"/><ns4:keyedReference keyName="binding namespace" keyValue="https://www.alertsite.com/report-api/" tModelKey="uddi:uddi.org:xml:namespace"/></ns4:categoryBag></ns4:tModel><ns8:BindingWsdlUri>wsdls/uddi_4979d402-8e1c-3999-0f9a-43b8f5de3650.wsdl</ns8:BindingWsdlUri></ns8:ExportBinding></ns8:ExportObjectConfiguration><ns8:ExportObjectConfiguration><ns2:ServiceKey><ns2:Key>uddi:f6ca41eb-4c21-11e5-96f0-8e4e70a48d19</ns2:Key><ns2:ServiceQName>{https://www.alertsite.com/report-api/}Alert_Site_API_vs0</ns2:ServiceQName></ns2:ServiceKey><ns8:ExportService><VirtualService BusinessKey="uddi:a3a9ce62-4b66-11e5-91f8-92d0b89fb9e1" ServiceKey="uddi:f6ca41eb-4c21-11e5-96f0-8e4e70a48d19" WsdlServiceLocalName="Alert_Site_API_vs0" WsdlTargetNamespaceUrl="https://www.alertsite.com/report-api/"><Name>Alert_Site_API_vs0</Name><Description></Description><Operations><LogicalOperation InterfaceName="{https://www.alertsite.com/report-api/}Alert_Site_API_PortType" ManagementState="Enabled" NextHopOperationKey="uddi:f6932c53-4c21-11e5-96f0-8e4e70a48d19$$${https://www.alertsite.com/report-api/}Alert_Site_API_PortType$$$GET__sitestatus_C85701" NextHopOperationName="GET /sitestatus/C85701" NextHopServiceKey="uddi:f6932c53-4c21-11e5-96f0-8e4e70a48d19" NextHopServiceName="Alert_Site_API" NumOfVirtualizedOperations="0" OperationKey="f6dc6a5f-4c21-11e5-96f0-8e4e70a48d19" OperationLastUpdatedAt="2015-09-02T13:04:58Z" OperationName="GET /sitestatus/C85701" PolicyAvailable="true" ServiceKey="uddi:f6ca41eb-4c21-11e5-96f0-8e4e70a48d19" WsdlOperationName="GET__sitestatus_C85701"><NextHopOperation InterfaceName="{https://www.alertsite.com/report-api/}Alert_Site_API_PortType" OperationKey="f6bcad57-4c21-11e5-96f0-8e4e70a48d19" OperationLastUpdatedAt="2015-08-26T18:40:46Z" OperationName="GET /sitestatus/C85701" ServiceKey="uddi:f6932c53-4c21-11e5-96f0-8e4e70a48d19" ServiceName="Alert_Site_API" WsdlOperationName="GET__sitestatus_C85701"/></LogicalOperation></Operations></VirtualService><ns4:businessService businessKey="uddi:a3a9ce62-4b66-11e5-91f8-92d0b89fb9e1" serviceKey="uddi:f6ca41eb-4c21-11e5-96f0-8e4e70a48d19"><ns4:name>Alert_Site_API_vs0</ns4:name><ns4:bindingTemplates><ns4:bindingTemplate bindingKey="uddi:f6ee6bc3-4c21-11e5-96f0-8e4e70a48d19" serviceKey="uddi:f6ca41eb-4c21-11e5-96f0-8e4e70a48d19"><ns4:accessPoint useType="endPoint">http://127.0.0.1:5501/alertsite/v2</ns4:accessPoint><ns4:tModelInstanceDetails><ns4:tModelInstanceInfo tModelKey="uddi:3ed06ec4-79fb-2f72-cec9-6912bf453002"><ns4:description>The wsdl:binding that this wsdl:port implements. The instanceParms specifies the port local name.</ns4:description><ns4:instanceDetails><ns4:instanceParms>HTTP</ns4:instanceParms></ns4:instanceDetails></ns4:tModelInstanceInfo><ns4:tModelInstanceInfo tModelKey="uddi:af78cf03-88cb-8ec2-fd46-ee9ba105eee1"><ns4:description>The wsdl:portType that this wsdl:port implements.</ns4:description></ns4:tModelInstanceInfo></ns4:tModelInstanceDetails><ns4:categoryBag><ns4:keyedReference keyName="WSDL type" keyValue="port" tModelKey="uddi:uddi.org:wsdl:types"/><ns4:keyedReferenceGroup tModelKey="uddi:soa.com:serviceendpoint:group"><ns4:keyedReference keyName="containerKey" keyValue="c3bdd061-c729-43eb-895d-e561b4b5" tModelKey="uddi:soa.com:serviceendpoint:containername"/><ns4:keyedReference keyName="listenerName" keyValue="default-http" tModelKey="uddi:soa.com:serviceendpoint:listenername"/></ns4:keyedReferenceGroup></ns4:categoryBag></ns4:bindingTemplate></ns4:bindingTemplates><ns4:categoryBag><ns4:keyedReference keyName="Managed Service" keyValue="Managed Service" tModelKey="uddi:digev.com:categorization:services"/><ns4:keyedReference keyName="Virtual Service" keyValue="Virtual Service" tModelKey="uddi:digev.com:categorization:services"/><ns4:keyedReference keyName="Design" keyValue="Design" tModelKey="uddi:soa.com:servicelifecyclestage"/><ns4:keyedReference keyName="WSDL type" keyValue="service" tModelKey="uddi:uddi.org:wsdl:types"/><ns4:keyedReference keyName="service local name" keyValue="Alert_Site_API_vs0" tModelKey="uddi:uddi.org:xml:localname"/><ns4:keyedReference keyName="service namespace" keyValue="https://www.alertsite.com/report-api/" tModelKey="uddi:uddi.org:xml:namespace"/></ns4:categoryBag></ns4:businessService><ns8:ExportServiceEndpoint><ns7:ServiceEndpoint><ns7:ServiceKey>uddi:f6ca41eb-4c21-11e5-96f0-8e4e70a48d19</ns7:ServiceKey><ns7:Name>uddi:f6ee6bc3-4c21-11e5-96f0-8e4e70a48d19</ns7:Name><ns7:Url>http://127.0.0.1:5501/alertsite/v2</ns7:Url><ns7:BindingQName>{https://www.alertsite.com/report-api/}Alert_Site_API_Binding</ns7:BindingQName><ns7:PortName>HTTP</ns7:PortName><ns7:Protocol>http</ns7:Protocol><ns7:ContainerKey>c3bdd061-c729-43eb-895d-e561b4b5</ns7:ContainerKey><ns7:ListenerName>default-http</ns7:ListenerName></ns7:ServiceEndpoint><ns8:EndpointWsdlUri>wsdls/uddi_f6ee6bc3-4c21-11e5-96f0-8e4e70a48d19.wsdl</ns8:EndpointWsdlUri></ns8:ExportServiceEndpoint><ns8:BpelUri>services/uddi_f6ca41eb-4c21-11e5-96f0-8e4e70a48d19/bpel.xml</ns8:BpelUri><ns8:ManagementUri>services/uddi_f6ca41eb-4c21-11e5-96f0-8e4e70a48d19/management.xml</ns8:ManagementUri></ns8:ExportService></ns8:ExportObjectConfiguration><ns8:ExportObjectConfiguration><ns2:ServiceKey><ns2:Key>uddi:45859ff6-4cfd-11e5-96f0-8e4e70a48d19</ns2:Key><ns2:ServiceQName>{https://www.alertsite.com/report-api/}AlertSite_Detail_API_vs0</ns2:ServiceQName></ns2:ServiceKey><ns8:ExportService><VirtualService BusinessKey="uddi:a3a9ce62-4b66-11e5-91f8-92d0b89fb9e1" ServiceKey="uddi:45859ff6-4cfd-11e5-96f0-8e4e70a48d19" WsdlServiceLocalName="AlertSite_Detail_API_vs0" WsdlTargetNamespaceUrl="https://www.alertsite.com/report-api/"><Name>AlertSite_Detail_API_vs0</Name><Description></Description><Operations><LogicalOperation InterfaceName="{https://www.alertsite.com/report-api/}AlertSite_Detail_API_PortType" ManagementState="Enabled" NextHopOperationKey="uddi:455e41ce-4cfd-11e5-96f0-8e4e70a48d19$$${https://www.alertsite.com/report-api/}AlertSite_Detail_API_PortType$$$GET__detail_C85701" NextHopOperationName="GET /detail/C85701" NextHopServiceKey="uddi:455e41ce-4cfd-11e5-96f0-8e4e70a48d19" NextHopServiceName="AlertSite_Detail_API" NumOfVirtualizedOperations="0" OperationKey="45983d9a-4cfd-11e5-96f0-8e4e70a48d19" OperationLastUpdatedAt="2015-09-02T13:05:15Z" OperationName="GET /detail/C85701" PolicyAvailable="true" ServiceKey="uddi:45859ff6-4cfd-11e5-96f0-8e4e70a48d19" WsdlOperationName="GET__detail_C85701"><NextHopOperation InterfaceName="{https://www.alertsite.com/report-api/}AlertSite_Detail_API_PortType" OperationKey="4578ceb2-4cfd-11e5-96f0-8e4e70a48d19" OperationLastUpdatedAt="2015-08-27T20:50:38Z" OperationName="GET /detail/C85701" ServiceKey="uddi:455e41ce-4cfd-11e5-96f0-8e4e70a48d19" ServiceName="AlertSite_Detail_API" WsdlOperationName="GET__detail_C85701"/></LogicalOperation></Operations></VirtualService><ns4:businessService businessKey="uddi:a3a9ce62-4b66-11e5-91f8-92d0b89fb9e1" serviceKey="uddi:45859ff6-4cfd-11e5-96f0-8e4e70a48d19"><ns4:name>AlertSite_Detail_API_vs0</ns4:name><ns4:bindingTemplates><ns4:bindingTemplate bindingKey="uddi:45a6e39e-4cfd-11e5-96f0-8e4e70a48d19" serviceKey="uddi:45859ff6-4cfd-11e5-96f0-8e4e70a48d19"><ns4:accessPoint useType="endPoint">http://127.0.0.1:5501/alertsitedetail/v2</ns4:accessPoint><ns4:tModelInstanceDetails><ns4:tModelInstanceInfo tModelKey="uddi:4979d402-8e1c-3999-0f9a-43b8f5de3650"><ns4:description>The wsdl:binding that this wsdl:port implements. The instanceParms specifies the port local name.</ns4:description><ns4:instanceDetails><ns4:instanceParms>HTTP</ns4:instanceParms></ns4:instanceDetails></ns4:tModelInstanceInfo><ns4:tModelInstanceInfo tModelKey="uddi:4b5b510e-b26d-23af-f15d-63978be6f8a0"><ns4:description>The wsdl:portType that this wsdl:port implements.</ns4:description></ns4:tModelInstanceInfo></ns4:tModelInstanceDetails><ns4:categoryBag><ns4:keyedReference keyName="WSDL type" keyValue="port" tModelKey="uddi:uddi.org:wsdl:types"/><ns4:keyedReferenceGroup tModelKey="uddi:soa.com:serviceendpoint:group"><ns4:keyedReference keyName="containerKey" keyValue="c3bdd061-c729-43eb-895d-e561b4b5" tModelKey="uddi:soa.com:serviceendpoint:containername"/><ns4:keyedReference keyName="listenerName" keyValue="default-http" tModelKey="uddi:soa.com:serviceendpoint:listenername"/></ns4:keyedReferenceGroup></ns4:categoryBag></ns4:bindingTemplate></ns4:bindingTemplates><ns4:categoryBag><ns4:keyedReference keyName="Managed Service" keyValue="Managed Service" tModelKey="uddi:digev.com:categorization:services"/><ns4:keyedReference keyName="Virtual Service" keyValue="Virtual Service" tModelKey="uddi:digev.com:categorization:services"/><ns4:keyedReference keyName="Design" keyValue="Design" tModelKey="uddi:soa.com:servicelifecyclestage"/><ns4:keyedReference keyName="WSDL type" keyValue="service" tModelKey="uddi:uddi.org:wsdl:types"/><ns4:keyedReference keyName="service local name" keyValue="AlertSite_Detail_API_vs0" tModelKey="uddi:uddi.org:xml:localname"/><ns4:keyedReference keyName="service namespace" keyValue="https://www.alertsite.com/report-api/" tModelKey="uddi:uddi.org:xml:namespace"/></ns4:categoryBag></ns4:businessService><ns8:ExportServiceEndpoint><ns7:ServiceEndpoint><ns7:ServiceKey>uddi:45859ff6-4cfd-11e5-96f0-8e4e70a48d19</ns7:ServiceKey><ns7:Name>uddi:45a6e39e-4cfd-11e5-96f0-8e4e70a48d19</ns7:Name><ns7:Url>http://127.0.0.1:5501/alertsitedetail/v2</ns7:Url><ns7:BindingQName>{https://www.alertsite.com/report-api/}AlertSite_Detail_API_Binding</ns7:BindingQName><ns7:PortName>HTTP</ns7:PortName><ns7:Protocol>http</ns7:Protocol><ns7:ContainerKey>c3bdd061-c729-43eb-895d-e561b4b5</ns7:ContainerKey><ns7:ListenerName>default-http</ns7:ListenerName></ns7:ServiceEndpoint><ns8:EndpointWsdlUri>wsdls/uddi_45a6e39e-4cfd-11e5-96f0-8e4e70a48d19.wsdl</ns8:EndpointWsdlUri></ns8:ExportServiceEndpoint><ns8:BpelUri>services/uddi_45859ff6-4cfd-11e5-96f0-8e4e70a48d19/bpel.xml</ns8:BpelUri><ns8:ManagementUri>services/uddi_45859ff6-4cfd-11e5-96f0-8e4e70a48d19/management.xml</ns8:ManagementUri></ns8:ExportService></ns8:ExportObjectConfiguration><ns8:ExportObjectConfiguration><ns2:ServiceKey><ns2:Key>uddi:f6932c53-4c21-11e5-96f0-8e4e70a48d19</ns2:Key><ns2:ServiceQName>{https://www.alertsite.com/report-api/}Alert_Site_API</ns2:ServiceQName></ns2:ServiceKey><ns8:ExportService><PhysicalService BusinessKey="uddi:a3a9ce62-4b66-11e5-91f8-92d0b89fb9e1" Discovered="false" ServiceKey="uddi:f6932c53-4c21-11e5-96f0-8e4e70a48d19" WsdlServiceLocalName="Alert_Site_API" WsdlTargetNamespaceUrl="https://www.alertsite.com/report-api/"><Name>Alert_Site_API</Name><Description></Description><Operations><Operation InterfaceName="{https://www.alertsite.com/report-api/}Alert_Site_API_PortType" ManagementState="Enabled" NumOfVirtualizedOperations="1" OperationKey="f6bcad57-4c21-11e5-96f0-8e4e70a48d19" OperationLastUpdatedAt="2015-08-26T18:40:46Z" OperationName="GET /sitestatus/C85701" PolicyAvailable="true" ServiceKey="uddi:f6932c53-4c21-11e5-96f0-8e4e70a48d19" WsdlOperationName="GET__sitestatus_C85701"/></Operations></PhysicalService><ns4:businessService businessKey="uddi:a3a9ce62-4b66-11e5-91f8-92d0b89fb9e1" serviceKey="uddi:f6932c53-4c21-11e5-96f0-8e4e70a48d19"><ns4:name>Alert_Site_API</ns4:name><ns4:bindingTemplates><ns4:bindingTemplate bindingKey="uddi:f6c55fea-4c21-11e5-96f0-8e4e70a48d19" serviceKey="uddi:f6932c53-4c21-11e5-96f0-8e4e70a48d19"><ns4:accessPoint useType="endPoint">https://www.alertsite.com/report-api/</ns4:accessPoint><ns4:tModelInstanceDetails><ns4:tModelInstanceInfo tModelKey="uddi:3ed06ec4-79fb-2f72-cec9-6912bf453002"><ns4:description>The wsdl:binding that this wsdl:port implements. The instanceParms specifies the port local name.</ns4:description><ns4:instanceDetails><ns4:instanceParms>Alert_Site_API_port</ns4:instanceParms></ns4:instanceDetails></ns4:tModelInstanceInfo><ns4:tModelInstanceInfo tModelKey="uddi:af78cf03-88cb-8ec2-fd46-ee9ba105eee1"><ns4:description>The wsdl:portType that this wsdl:port implements.</ns4:description></ns4:tModelInstanceInfo></ns4:tModelInstanceDetails><ns4:categoryBag><ns4:keyedReference keyName="WSDL type" keyValue="port" tModelKey="uddi:uddi.org:wsdl:types"/></ns4:categoryBag></ns4:bindingTemplate></ns4:bindingTemplates><ns4:categoryBag><ns4:keyedReference keyName="Design" keyValue="Design" tModelKey="uddi:soa.com:servicelifecyclestage"/><ns4:keyedReference keyName="1.0" keyValue="005a2c7b-d033-41a4-985d-0a614aa04fb2" tModelKey="uddi:soa.com:serviceversion"/><ns4:keyedReference keyName="WSDL type" keyValue="service" tModelKey="uddi:uddi.org:wsdl:types"/><ns4:keyedReference keyName="service local name" keyValue="Alert_Site_API" tModelKey="uddi:uddi.org:xml:localname"/><ns4:keyedReference keyName="service namespace" keyValue="https://www.alertsite.com/report-api/" tModelKey="uddi:uddi.org:xml:namespace"/><ns4:keyedReferenceGroup tModelKey="uddi:soa.com:service:group"/></ns4:categoryBag></ns4:businessService><ns8:ExportServiceEndpoint><ns7:ServiceEndpoint><ns7:ServiceKey>uddi:f6932c53-4c21-11e5-96f0-8e4e70a48d19</ns7:ServiceKey><ns7:Name>uddi:f6c55fea-4c21-11e5-96f0-8e4e70a48d19</ns7:Name><ns7:Url>https://www.alertsite.com/report-api/</ns7:Url><ns7:BindingQName>{https://www.alertsite.com/report-api/}Alert_Site_API_Binding</ns7:BindingQName><ns7:PortName>Alert_Site_API_port</ns7:PortName><ns7:Protocol>https</ns7:Protocol></ns7:ServiceEndpoint><ns8:EndpointWsdlUri>wsdls/uddi_f6c55fea-4c21-11e5-96f0-8e4e70a48d19.wsdl</ns8:EndpointWsdlUri></ns8:ExportServiceEndpoint></ns8:ExportService></ns8:ExportObjectConfiguration><ns8:ExportObjectConfiguration><ns2:ServiceKey><ns2:Key>uddi:455e41ce-4cfd-11e5-96f0-8e4e70a48d19</ns2:Key><ns2:ServiceQName>{https://www.alertsite.com/report-api/}AlertSite_Detail_API</ns2:ServiceQName></ns2:ServiceKey><ns8:ExportService><PhysicalService BusinessKey="uddi:a3a9ce62-4b66-11e5-91f8-92d0b89fb9e1" Discovered="false" ServiceKey="uddi:455e41ce-4cfd-11e5-96f0-8e4e70a48d19" WsdlServiceLocalName="AlertSite_Detail_API" WsdlTargetNamespaceUrl="https://www.alertsite.com/report-api/"><Name>AlertSite_Detail_API</Name><Description></Description><Operations><Operation InterfaceName="{https://www.alertsite.com/report-api/}AlertSite_Detail_API_PortType" ManagementState="Enabled" NumOfVirtualizedOperations="1" OperationKey="4578ceb2-4cfd-11e5-96f0-8e4e70a48d19" OperationLastUpdatedAt="2015-08-27T20:50:38Z" OperationName="GET /detail/C85701" PolicyAvailable="true" ServiceKey="uddi:455e41ce-4cfd-11e5-96f0-8e4e70a48d19" WsdlOperationName="GET__detail_C85701"/></Operations></PhysicalService><ns4:businessService businessKey="uddi:a3a9ce62-4b66-11e5-91f8-92d0b89fb9e1" serviceKey="uddi:455e41ce-4cfd-11e5-96f0-8e4e70a48d19"><ns4:name>AlertSite_Detail_API</ns4:name><ns4:bindingTemplates><ns4:bindingTemplate bindingKey="uddi:45818145-4cfd-11e5-96f0-8e4e70a48d19" serviceKey="uddi:455e41ce-4cfd-11e5-96f0-8e4e70a48d19"><ns4:accessPoint useType="endPoint">https://www.alertsite.com/report-api/</ns4:accessPoint><ns4:tModelInstanceDetails><ns4:tModelInstanceInfo tModelKey="uddi:4979d402-8e1c-3999-0f9a-43b8f5de3650"><ns4:description>The wsdl:binding that this wsdl:port implements. The instanceParms specifies the port local name.</ns4:description><ns4:instanceDetails><ns4:instanceParms>AlertSite_Detail_API_port</ns4:instanceParms></ns4:instanceDetails></ns4:tModelInstanceInfo><ns4:tModelInstanceInfo tModelKey="uddi:4b5b510e-b26d-23af-f15d-63978be6f8a0"><ns4:description>The wsdl:portType that this wsdl:port implements.</ns4:description></ns4:tModelInstanceInfo></ns4:tModelInstanceDetails><ns4:categoryBag><ns4:keyedReference keyName="WSDL type" keyValue="port" tModelKey="uddi:uddi.org:wsdl:types"/></ns4:categoryBag></ns4:bindingTemplate></ns4:bindingTemplates><ns4:categoryBag><ns4:keyedReference keyName="Design" keyValue="Design" tModelKey="uddi:soa.com:servicelifecyclestage"/><ns4:keyedReference keyName="1.0" keyValue="ad4ad3e6-7ab8-48a8-9a75-28d5665950b0" tModelKey="uddi:soa.com:serviceversion"/><ns4:keyedReference keyName="WSDL type" keyValue="service" tModelKey="uddi:uddi.org:wsdl:types"/><ns4:keyedReference keyName="service local name" keyValue="AlertSite_Detail_API" tModelKey="uddi:uddi.org:xml:localname"/><ns4:keyedReference keyName="service namespace" keyValue="https://www.alertsite.com/report-api/" tModelKey="uddi:uddi.org:xml:namespace"/><ns4:keyedReferenceGroup tModelKey="uddi:soa.com:service:group"/></ns4:categoryBag></ns4:businessService><ns8:ExportServiceEndpoint><ns7:ServiceEndpoint><ns7:ServiceKey>uddi:455e41ce-4cfd-11e5-96f0-8e4e70a48d19</ns7:ServiceKey><ns7:Name>uddi:45818145-4cfd-11e5-96f0-8e4e70a48d19</ns7:Name><ns7:Url>https://www.alertsite.com/report-api/</ns7:Url><ns7:BindingQName>{https://www.alertsite.com/report-api/}AlertSite_Detail_API_Binding</ns7:BindingQName><ns7:PortName>AlertSite_Detail_API_port</ns7:PortName><ns7:Protocol>https</ns7:Protocol></ns7:ServiceEndpoint><ns8:EndpointWsdlUri>wsdls/uddi_45818145-4cfd-11e5-96f0-8e4e70a48d19.wsdl</ns8:EndpointWsdlUri></ns8:ExportServiceEndpoint></ns8:ExportService></ns8:ExportObjectConfiguration><ns8:ExportObjectConfiguration><ns2:ContractKey><ns2:Key>04b41e04-4c22-11e5-96f0-8e4e70a48d19</ns2:Key></ns2:ContractKey><ns8:ExportContract><ns11:Contract><ns11:ContractInfo Anonymous="true" Key="04b41e04-4c22-11e5-96f0-8e4e70a48d19:1091" Name="Anonymous" State="Active"><ns11:Description></ns11:Description><ns11:ProviderOrganizationKey>uddi:a3a9ce62-4b66-11e5-91f8-92d0b89fb9e1</ns11:ProviderOrganizationKey><ns2:EffectiveDateTimes><ns2:StartDateTime><ns2:DateTime>2015-08-26T13:40:00-05:00</ns2:DateTime><ns2:TimezoneName>America/Chicago</ns2:TimezoneName></ns2:StartDateTime><ns2:EndDateTime><ns2:DateTime>2016-08-25T13:40:00-05:00</ns2:DateTime><ns2:TimezoneName>America/Chicago</ns2:TimezoneName></ns2:EndDateTime><ns2:Expire>false</ns2:Expire></ns2:EffectiveDateTimes><ns11:ContractVersionInfo><ns11:LastModifiedTimestamp>2015-08-26-05:00</ns11:LastModifiedTimestamp><ns11:User>Local Domain\admin</ns11:User><ns11:MetadataVersion>1</ns11:MetadataVersion><ns11:ActiveMetadataVersion>1</ns11:ActiveMetadataVersion></ns11:ContractVersionInfo><ns11:ContractType>service.contract</ns11:ContractType></ns11:ContractInfo><ns11:ContractScope><ns2:ServiceKey>uddi:f6ca41eb-4c21-11e5-96f0-8e4e70a48d19</ns2:ServiceKey></ns11:ContractScope></ns11:Contract></ns8:ExportContract></ns8:ExportObjectConfiguration><ns8:ExportObjectConfiguration><ns2:ContractKey><ns2:Key>590a1db1-4cfd-11e5-96f0-8e4e70a48d19</ns2:Key></ns2:ContractKey><ns8:ExportContract><ns11:Contract><ns11:ContractInfo Anonymous="true" Key="590a1db1-4cfd-11e5-96f0-8e4e70a48d19:1092" Name="AlertSiteDetailOpen" State="Active"><ns11:Description></ns11:Description><ns11:ProviderOrganizationKey>uddi:a3a9ce62-4b66-11e5-91f8-92d0b89fb9e1</ns11:ProviderOrganizationKey><ns2:EffectiveDateTimes><ns2:StartDateTime><ns2:DateTime>2015-08-27T15:50:00-05:00</ns2:DateTime><ns2:TimezoneName>America/Chicago</ns2:TimezoneName></ns2:StartDateTime><ns2:EndDateTime><ns2:DateTime>2016-08-26T15:50:00-05:00</ns2:DateTime><ns2:TimezoneName>America/Chicago</ns2:TimezoneName></ns2:EndDateTime><ns2:Expire>false</ns2:Expire></ns2:EffectiveDateTimes><ns11:ContractVersionInfo><ns11:LastModifiedTimestamp>2015-08-27-05:00</ns11:LastModifiedTimestamp><ns11:User>Local Domain\admin</ns11:User><ns11:MetadataVersion>1</ns11:MetadataVersion><ns11:ActiveMetadataVersion>1</ns11:ActiveMetadataVersion></ns11:ContractVersionInfo><ns11:ContractType>service.contract</ns11:ContractType></ns11:ContractInfo><ns11:ContractScope><ns2:ServiceKey>uddi:45859ff6-4cfd-11e5-96f0-8e4e70a48d19</ns2:ServiceKey></ns11:ContractScope></ns11:Contract></ns8:ExportContract></ns8:ExportObjectConfiguration><ns8:ExportObjectConfiguration><ns2:PolicyKey><ns2:Key>urn:uuid:113d0958-4d85-11e5-9abb-a01b6c8cd226</ns2:Key></ns2:PolicyKey><ns8:ExportPolicy><ns10:Policy PolicyName="AlertSiteCors"><ns10:PolicyKey>urn:uuid:113d0958-4d85-11e5-9abb-a01b6c8cd226</ns10:PolicyKey><ns10:OrganizationKey>uddi:a3a9ce62-4b66-11e5-91f8-92d0b89fb9e1</ns10:OrganizationKey><ns10:PolicyType>Operational Policy</ns10:PolicyType><ns10:PolicySubType>policy.cors</ns10:PolicySubType><ns10:Description></ns10:Description><ns10:ReadOnly>false</ns10:ReadOnly><ns10:LocalPolicy>false</ns10:LocalPolicy><ns10:LastUpdatedTime>2015-09-02T12:56:07Z</ns10:LastUpdatedTime><ns10:PolicyConfigurationAsString><ns10:Contents>&lt;![CDATA[&lt;?xml version="1.0" encoding="UTF-8"?&gt;
&lt;wsp:Policy visibility="public" xmlns:wsp="http://schemas.xmlsoap.org/ws/2004/09/policy"&gt;&lt;ns2:CORS xmlns:ns2="http://federatedgovernance.org/policy/cors"&gt;&lt;wsp:Policy visibility="public" xmlns:wsp="http://schemas.xmlsoap.org/ws/2004/09/policy"&gt;&lt;ns2:AllowHeaders&gt;&lt;ns2:Header&gt;X-Csrf-Token_heritage&lt;/ns2:Header&gt;&lt;/ns2:AllowHeaders&gt;&lt;ns2:AllowOrigins&gt;&lt;ns2:Origin&gt;*&lt;/ns2:Origin&gt;&lt;/ns2:AllowOrigins&gt;&lt;ns2:ExposeHeaders&gt;&lt;ns2:Header&gt;Access-Control-Allow-Origin&lt;/ns2:Header&gt;&lt;/ns2:ExposeHeaders&gt;&lt;ns2:MaxAge duration="0"/&gt;&lt;/wsp:Policy&gt;&lt;/ns2:CORS&gt;&lt;/wsp:Policy&gt;]]&gt;</ns10:Contents></ns10:PolicyConfigurationAsString></ns10:Policy></ns8:ExportPolicy></ns8:ExportObjectConfiguration><ns8:ExportObjectConfiguration><ns2:IdentityKey><ns2:Key>Local Domain\gRg0vmfLUG+5KFKdlfI11w==</ns2:Key><ns2:DomainName>Local Domain</ns2:DomainName><ns2:UserName>gRg0vmfLUG+5KFKdlfI11w==</ns2:UserName></ns2:IdentityKey><ns8:ExportUserIdentity><ns15:User DomainName="Local Domain" UserName="gRg0vmfLUG+5KFKdlfI11w=="><ns15:FullName>Service: uddi:45859ff6-4cfd-11e5-96f0-8e4e70a48d19</ns15:FullName><ns15:IdentityKey>urn:uuid:4586b167-4cfd-11e5-96f0-8e4e70a48d19</ns15:IdentityKey><ns15:Password>zMA4+uTnjGtkoJ4x0qZz7DnBVaGHxfX5dT1vENw30/I+qgSDxLji64L0L59UW4mrxOiaLNXJJZizwGrRtqkldA==</ns15:Password><ns15:Disabled>false</ns15:Disabled><ns15:ForcePwdResetOnNextLogin>false</ns15:ForcePwdResetOnNextLogin><ns15:Expired>false</ns15:Expired><ns15:ReadOnly>true</ns15:ReadOnly><ns15:PasswordFrmSeed>0</ns15:PasswordFrmSeed><ns15:OrganizationKey>uddi:soa.com:registryorganization</ns15:OrganizationKey><ns15:PasswordSalt>/7OYGswH6krpXCPRXCyg+cMjRw12nC/Z3Ayk9mX/UiOaksIev+S04LOW/7CJdpiaPcNMEItdSLjXruZF4W22mg==</ns15:PasswordSalt></ns15:User><ns8:PKIGenerated>true</ns8:PKIGenerated></ns8:ExportUserIdentity></ns8:ExportObjectConfiguration><ns8:ExportObjectConfiguration><ns2:IdentityKey><ns2:Key>Local Domain\OBIGLvkyqufuU2D7k6jx6w==</ns2:Key><ns2:DomainName>Local Domain</ns2:DomainName><ns2:UserName>OBIGLvkyqufuU2D7k6jx6w==</ns2:UserName></ns2:IdentityKey><ns8:ExportUserIdentity><ns15:User DomainName="Local Domain" UserName="OBIGLvkyqufuU2D7k6jx6w=="><ns15:FullName>Service: uddi:455e41ce-4cfd-11e5-96f0-8e4e70a48d19</ns15:FullName><ns15:IdentityKey>urn:uuid:455f051f-4cfd-11e5-96f0-8e4e70a48d19</ns15:IdentityKey><ns15:Password>hBna9DO56x+6iB88VLYS5DaG/SEshNIS8u5dleEpE2tEIQRvJVAynKPtiMB+5kJDmft3tnveY4VK1eSZ8K910g==</ns15:Password><ns15:Disabled>false</ns15:Disabled><ns15:ForcePwdResetOnNextLogin>false</ns15:ForcePwdResetOnNextLogin><ns15:Expired>false</ns15:Expired><ns15:ReadOnly>true</ns15:ReadOnly><ns15:PasswordFrmSeed>0</ns15:PasswordFrmSeed><ns15:OrganizationKey>uddi:soa.com:registryorganization</ns15:OrganizationKey><ns15:PasswordSalt>bO8RB+k1EgsX34LI8GaadJrp63IfXLEUOFNNY0GfVMA4BZ5LiSqAMEtha0KCaB/HCwXxl7pfcx13NQjPpJ7/Ig==</ns15:PasswordSalt></ns15:User><ns8:PKIGenerated>true</ns8:PKIGenerated></ns8:ExportUserIdentity></ns8:ExportObjectConfiguration><ns8:ExportObjectConfiguration><ns2:IdentityKey><ns2:Key>Local Domain\BNu3bnTCTY38ViiZBh0sxA==</ns2:Key><ns2:DomainName>Local Domain</ns2:DomainName><ns2:UserName>BNu3bnTCTY38ViiZBh0sxA==</ns2:UserName></ns2:IdentityKey><ns8:ExportUserIdentity><ns15:User DomainName="Local Domain" UserName="BNu3bnTCTY38ViiZBh0sxA=="><ns15:FullName>Service: uddi:f6932c53-4c21-11e5-96f0-8e4e70a48d19</ns15:FullName><ns15:IdentityKey>urn:uuid:f69464d4-4c21-11e5-96f0-8e4e70a48d19</ns15:IdentityKey><ns15:Password>B6TgJFYeeQIL23ledfbq4ud0uD4MkZCIYrCrnWMMcq5qwuj9PYrhlgmxD+rrn0E2whnz6bBP3mtZrlhsRAP5RQ==</ns15:Password><ns15:Disabled>false</ns15:Disabled><ns15:ForcePwdResetOnNextLogin>false</ns15:ForcePwdResetOnNextLogin><ns15:Expired>false</ns15:Expired><ns15:ReadOnly>true</ns15:ReadOnly><ns15:PasswordFrmSeed>0</ns15:PasswordFrmSeed><ns15:OrganizationKey>uddi:soa.com:registryorganization</ns15:OrganizationKey><ns15:PasswordSalt>JVVIedHPpMZ++Ubsqu2gHLaxhFIDjvhE6lQWY9Vt4OPxkhsKQrggoMGKZQ8PyOkcFAJqJqdek86GardVZMUH2A==</ns15:PasswordSalt></ns15:User><ns8:PKIGenerated>true</ns8:PKIGenerated></ns8:ExportUserIdentity></ns8:ExportObjectConfiguration><ns8:ExportObjectConfiguration><ns2:IdentityKey><ns2:Key>Local Domain\cOIoYyNp1QM96q3RQsXndA==</ns2:Key><ns2:DomainName>Local Domain</ns2:DomainName><ns2:UserName>cOIoYyNp1QM96q3RQsXndA==</ns2:UserName></ns2:IdentityKey><ns8:ExportUserIdentity><ns15:User DomainName="Local Domain" UserName="cOIoYyNp1QM96q3RQsXndA=="><ns15:FullName>Service: uddi:f6ca41eb-4c21-11e5-96f0-8e4e70a48d19</ns15:FullName><ns15:IdentityKey>urn:uuid:f6cb2c4c-4c21-11e5-96f0-8e4e70a48d19</ns15:IdentityKey><ns15:Password>YeTMt1F4Hxhit+EZ4G8F8ndNMzmF9qcPBp1HhSOsjkZv6wXTT7ub1ZFXSvcQnoBHBHiF+3uNcqZzupLH+qZGcg==</ns15:Password><ns15:Disabled>false</ns15:Disabled><ns15:ForcePwdResetOnNextLogin>false</ns15:ForcePwdResetOnNextLogin><ns15:Expired>false</ns15:Expired><ns15:ReadOnly>true</ns15:ReadOnly><ns15:PasswordFrmSeed>0</ns15:PasswordFrmSeed><ns15:OrganizationKey>uddi:soa.com:registryorganization</ns15:OrganizationKey><ns15:PasswordSalt>dQyZDFMKFdvgeaHYY5xqEKVg3qB1e/Nb/AkRs7DBb+vu4E9nai6q++4vnbz+9rn5JJ+CR5PG9ZmEsB1Ioh6yeg==</ns15:PasswordSalt></ns15:User><ns8:PKIGenerated>true</ns8:PKIGenerated></ns8:ExportUserIdentity></ns8:ExportObjectConfiguration></ns8:ExportConfiguration>