<?xml version="1.0" encoding="UTF-8"?>
<DepedendencyGraph version="1.1"><Nodes><Node type="urn:com:soa:ObjectKey"><ObjectKey class="com.soa.wsdl.model.impl.WsdlInterfaceImpl">uddi:af78cf03-88cb-8ec2-fd46-ee9ba105eee1</ObjectKey><property class="java.lang.String" name="_NAME_" type="urn:com:soa:SimpleProperty">{https://www.alertsite.com/report-api/}Alert_Site_API_PortType</property></Node><Node type="urn:com:soa:ObjectKey"><ObjectKey class="com.soa.bpel.BpelKey">bpel:459ea63d-4cfd-11e5-96f0-8e4e70a48d19</ObjectKey></Node><Node type="urn:com:soa:ObjectKey"><ObjectKey class="com.soa.policy.config.model.PolicyKey">urn:uuid:113d0958-4d85-11e5-9abb-a01b6c8cd226</ObjectKey><property class="java.lang.String" name="_NAME_" type="urn:com:soa:SimpleProperty">AlertSiteDetails</property></Node><Node type="urn:com:soa:ObjectKey"><ObjectKey class="com.soa.service.endpoint.EndpointKey">uddi:f6ee6bc3-4c21-11e5-96f0-8e4e70a48d19</ObjectKey></Node><Node type="urn:com:soa:ObjectKey"><ObjectKey class="com.soa.service.endpoint.EndpointKey">uddi:45818145-4cfd-11e5-96f0-8e4e70a48d19</ObjectKey></Node><Node type="urn:com:soa:ObjectKey"><ObjectKey class="com.soa.security.util.QualifiedUserName">Local Domain\gRg0vmfLUG+5KFKdlfI11w==</ObjectKey></Node><Node type="urn:com:soa:ObjectKey"><ObjectKey class="com.soa.service.operation.model.BindingOperationQualifiedKey">{https://www.alertsite.com/report-api/}Alert_Site_API$$${https://www.alertsite.com/report-api/}Alert_Site_API_Binding$$$GET__sitestatus_C85701</ObjectKey></Node><Node type="urn:com:soa:ObjectKey"><ObjectKey class="com.soa.organization.model.OrganizationKey">uddi:a3a9ce62-4b66-11e5-91f8-92d0b89fb9e1</ObjectKey><property class="java.lang.String" name="_NAME_" type="urn:com:soa:SimpleProperty">AlertSite</property></Node><Node type="urn:com:soa:ObjectKey"><ObjectKey class="com.soa.policy.config.model.PolicyKey">urn:uuid:bba55fb4-4c06-11e5-96f0-8e4e70a48d19</ObjectKey><property class="java.lang.String" name="_NAME_" type="urn:com:soa:SimpleProperty">AriaBasicAuth</property></Node><Node type="urn:com:soa:ObjectKey"><ObjectKey class="com.soa.svccontainer.ContainerKey">c3bdd061-c729-43eb-895d-e561b4b5</ObjectKey><property class="java.lang.String" name="_NAME_" type="urn:com:soa:SimpleProperty">ND1</property></Node><Node type="urn:com:soa:ObjectKey"><ObjectKey class="com.soa.bpel.BpelKey">bpel:f6e36f42-4c21-11e5-96f0-8e4e70a48d19</ObjectKey></Node><Node type="urn:com:soa:ObjectKey"><ObjectKey class="com.soa.security.util.QualifiedUserName">Local Domain\OBIGLvkyqufuU2D7k6jx6w==</ObjectKey></Node><Node type="urn:com:soa:ObjectKey"><ObjectKey class="com.soa.service.endpoint.EndpointKey">uddi:45a6e39e-4cfd-11e5-96f0-8e4e70a48d19</ObjectKey></Node><Node type="urn:com:soa:ObjectKey"><ObjectKey class="com.soa.policy.config.model.PolicyKey">urn:uuid:9c94e8e2-4c2a-11e5-96f0-8e4e70a48d19</ObjectKey><property class="java.lang.String" name="_NAME_" type="urn:com:soa:SimpleProperty">CORSALLNew</property></Node><Node type="urn:com:soa:ObjectKey"><ObjectKey class="com.soa.contracts.ContractKey">04b41e04-4c22-11e5-96f0-8e4e70a48d19:1091</ObjectKey><property class="java.lang.String" name="_NAME_" type="urn:com:soa:SimpleProperty">Anonymous</property></Node><Node type="urn:com:soa:ObjectKey"><ObjectKey class="com.soa.service.operation.model.OperationKey">f6bcad57-4c21-11e5-96f0-8e4e70a48d19</ObjectKey></Node><Node type="urn:com:soa:ObjectKey"><ObjectKey class="com.soa.service.operation.model.OperationKey">4578ceb2-4cfd-11e5-96f0-8e4e70a48d19</ObjectKey></Node><Node type="urn:com:soa:ObjectKey"><ObjectKey class="com.soa.service.operation.model.OperationKey">f6dc6a5f-4c21-11e5-96f0-8e4e70a48d19</ObjectKey></Node><Node type="urn:com:soa:ObjectKey"><ObjectKey class="com.soa.service.operation.model.BindingOperationQualifiedKey">{https://www.alertsite.com/report-api/}AlertSite_Detail_API_vs0$$${https://www.alertsite.com/report-api/}AlertSite_Detail_API_Binding$$$GET__detail_C85701</ObjectKey></Node><Node type="urn:com:soa:ObjectKey"><ObjectKey class="com.soa.service.model.ServiceKey">uddi:f6ca41eb-4c21-11e5-96f0-8e4e70a48d19</ObjectKey><property class="java.lang.String" name="_NAME_" type="urn:com:soa:SimpleProperty">Alert_Site_API_vs0</property></Node><Node type="urn:com:soa:ObjectKey"><ObjectKey class="com.soa.service.operation.model.OperationKey">45983d9a-4cfd-11e5-96f0-8e4e70a48d19</ObjectKey></Node><Node type="urn:com:soa:ObjectKey"><ObjectKey class="com.soa.service.model.ServiceKey">uddi:45859ff6-4cfd-11e5-96f0-8e4e70a48d19</ObjectKey><property class="java.lang.String" name="_NAME_" type="urn:com:soa:SimpleProperty">AlertSite_Detail_API_vs0</property></Node><Node type="urn:com:soa:ObjectKey"><ObjectKey class="com.soa.security.util.QualifiedUserName">Local Domain\BNu3bnTCTY38ViiZBh0sxA==</ObjectKey></Node><Node type="urn:com:soa:ObjectKey"><ObjectKey class="com.soa.service.endpoint.EndpointKey">uddi:f6c55fea-4c21-11e5-96f0-8e4e70a48d19</ObjectKey></Node><Node type="urn:com:soa:ObjectKey"><ObjectKey class="com.soa.policy.config.model.PolicyKey">DetailedAuditing</ObjectKey><property class="java.lang.String" name="_NAME_" type="urn:com:soa:SimpleProperty">DetailedAuditing</property></Node><Node type="urn:com:soa:ObjectKey"><ObjectKey class="com.soa.service.operation.model.BindingOperationQualifiedKey">{https://www.alertsite.com/report-api/}Alert_Site_API_vs0$$${https://www.alertsite.com/report-api/}Alert_Site_API_Binding$$$GET__sitestatus_C85701</ObjectKey></Node><Node type="urn:com:soa:ObjectKey"><ObjectKey class="com.soa.service.model.ServiceKey">uddi:f6932c53-4c21-11e5-96f0-8e4e70a48d19</ObjectKey><property class="java.lang.String" name="_NAME_" type="urn:com:soa:SimpleProperty">Alert_Site_API</property></Node><Node type="urn:com:soa:ObjectKey"><ObjectKey class="com.soa.service.operation.model.BindingOperationQualifiedKey">{https://www.alertsite.com/report-api/}AlertSite_Detail_API$$${https://www.alertsite.com/report-api/}AlertSite_Detail_API_Binding$$$GET__detail_C85701</ObjectKey></Node><Node type="urn:com:soa:ObjectKey"><ObjectKey class="com.soa.policy.config.model.PolicyKey">urn:uuid:03140153-4c08-11e5-96f0-8e4e70a48d19</ObjectKey><property class="java.lang.String" name="_NAME_" type="urn:com:soa:SimpleProperty">Test</property></Node><Node type="urn:com:soa:ObjectKey"><ObjectKey class="com.soa.security.util.QualifiedUserName">Local Domain\cOIoYyNp1QM96q3RQsXndA==</ObjectKey></Node><Node type="urn:com:soa:ObjectKey"><ObjectKey class="com.soa.wsdl.model.impl.WsdlInterfaceImpl">uddi:4b5b510e-b26d-23af-f15d-63978be6f8a0</ObjectKey><property class="java.lang.String" name="_NAME_" type="urn:com:soa:SimpleProperty">{https://www.alertsite.com/report-api/}AlertSite_Detail_API_PortType</property></Node><Node type="urn:com:soa:ObjectKey"><ObjectKey class="com.soa.wsdl.model.impl.WsdlBindingImpl">uddi:3ed06ec4-79fb-2f72-cec9-6912bf453002</ObjectKey><property class="java.lang.String" name="_NAME_" type="urn:com:soa:SimpleProperty">{https://www.alertsite.com/report-api/}Alert_Site_API_Binding</property></Node><Node type="urn:com:soa:ObjectKey"><ObjectKey class="com.soa.wsdl.model.impl.WsdlBindingImpl">uddi:4979d402-8e1c-3999-0f9a-43b8f5de3650</ObjectKey><property class="java.lang.String" name="_NAME_" type="urn:com:soa:SimpleProperty">{https://www.alertsite.com/report-api/}AlertSite_Detail_API_Binding</property></Node><Node type="urn:com:soa:ObjectKey"><ObjectKey class="com.soa.contracts.ContractKey">590a1db1-4cfd-11e5-96f0-8e4e70a48d19:1092</ObjectKey><property class="java.lang.String" name="_NAME_" type="urn:com:soa:SimpleProperty">AlertSiteDetailOpen</property></Node><Node type="urn:com:soa:ObjectKey"><ObjectKey class="com.soa.service.model.ServiceKey">uddi:455e41ce-4cfd-11e5-96f0-8e4e70a48d19</ObjectKey><property class="java.lang.String" name="_NAME_" type="urn:com:soa:SimpleProperty">AlertSite_Detail_API</property></Node></Nodes><Links><Link type="service->operationalpolicy:ReferedBy"><From><Node type="urn:com:soa:ObjectKey"><ObjectKey class="com.soa.service.model.ServiceKey">uddi:f6ca41eb-4c21-11e5-96f0-8e4e70a48d19</ObjectKey></Node></From><To><Node type="urn:com:soa:ObjectKey"><ObjectKey class="com.soa.policy.config.model.PolicyKey">urn:uuid:9c94e8e2-4c2a-11e5-96f0-8e4e70a48d19</ObjectKey></Node></To></Link><Link type="identity->service:ReferredBy"><From><Node type="urn:com:soa:ObjectKey"><ObjectKey class="com.soa.security.util.QualifiedUserName">Local Domain\BNu3bnTCTY38ViiZBh0sxA==</ObjectKey></Node></From><To><Node type="urn:com:soa:ObjectKey"><ObjectKey class="com.soa.service.model.ServiceKey">uddi:f6932c53-4c21-11e5-96f0-8e4e70a48d19</ObjectKey></Node></To></Link><Link type="service->identity:refer"><From><Node type="urn:com:soa:ObjectKey"><ObjectKey class="com.soa.service.model.ServiceKey">uddi:f6932c53-4c21-11e5-96f0-8e4e70a48d19</ObjectKey></Node></From><To><Node type="urn:com:soa:ObjectKey"><ObjectKey class="com.soa.security.util.QualifiedUserName">Local Domain\BNu3bnTCTY38ViiZBh0sxA==</ObjectKey></Node></To></Link><Link type="proxysvc->service:proxyFor"><From><Node type="urn:com:soa:ObjectKey"><ObjectKey class="com.soa.service.model.ServiceKey">uddi:45859ff6-4cfd-11e5-96f0-8e4e70a48d19</ObjectKey></Node></From><To><Node type="urn:com:soa:ObjectKey"><ObjectKey class="com.soa.service.model.ServiceKey">uddi:455e41ce-4cfd-11e5-96f0-8e4e70a48d19</ObjectKey></Node></To></Link><Link type="endpoint->service:parent"><From><Node type="urn:com:soa:ObjectKey"><ObjectKey class="com.soa.service.endpoint.EndpointKey">uddi:45a6e39e-4cfd-11e5-96f0-8e4e70a48d19</ObjectKey></Node></From><To><Node type="urn:com:soa:ObjectKey"><ObjectKey class="com.soa.service.model.ServiceKey">uddi:45859ff6-4cfd-11e5-96f0-8e4e70a48d19</ObjectKey></Node></To></Link><Link type="interface->service:implements"><From><Node type="urn:com:soa:ObjectKey"><ObjectKey class="com.soa.wsdl.model.impl.WsdlInterfaceImpl">uddi:4b5b510e-b26d-23af-f15d-63978be6f8a0</ObjectKey></Node></From><To><Node type="urn:com:soa:ObjectKey"><ObjectKey class="com.soa.service.model.ServiceKey">uddi:45859ff6-4cfd-11e5-96f0-8e4e70a48d19</ObjectKey></Node></To></Link><Link type="bndoperation->service:parent"><From><Node type="urn:com:soa:ObjectKey"><ObjectKey class="com.soa.service.operation.model.BindingOperationQualifiedKey">{https://www.alertsite.com/report-api/}AlertSite_Detail_API_vs0$$${https://www.alertsite.com/report-api/}AlertSite_Detail_API_Binding$$$GET__detail_C85701</ObjectKey></Node></From><To><Node type="urn:com:soa:ObjectKey"><ObjectKey class="com.soa.service.model.ServiceKey">uddi:45859ff6-4cfd-11e5-96f0-8e4e70a48d19</ObjectKey></Node></To></Link><Link type="contract->service:ReferedBy"><From><Node type="urn:com:soa:ObjectKey"><ObjectKey class="com.soa.contracts.ContractKey">04b41e04-4c22-11e5-96f0-8e4e70a48d19:1091</ObjectKey></Node></From><To><Node type="urn:com:soa:ObjectKey"><ObjectKey class="com.soa.service.model.ServiceKey">uddi:f6ca41eb-4c21-11e5-96f0-8e4e70a48d19</ObjectKey></Node></To></Link><Link type="bndoperation->service:parent"><From><Node type="urn:com:soa:ObjectKey"><ObjectKey class="com.soa.service.operation.model.BindingOperationQualifiedKey">{https://www.alertsite.com/report-api/}Alert_Site_API$$${https://www.alertsite.com/report-api/}Alert_Site_API_Binding$$$GET__sitestatus_C85701</ObjectKey></Node></From><To><Node type="urn:com:soa:ObjectKey"><ObjectKey class="com.soa.service.model.ServiceKey">uddi:f6932c53-4c21-11e5-96f0-8e4e70a48d19</ObjectKey></Node></To></Link><Link type="service->endpoint:child"><From><Node type="urn:com:soa:ObjectKey"><ObjectKey class="com.soa.service.model.ServiceKey">uddi:455e41ce-4cfd-11e5-96f0-8e4e70a48d19</ObjectKey></Node></From><To><Node type="urn:com:soa:ObjectKey"><ObjectKey class="com.soa.service.endpoint.EndpointKey">uddi:45818145-4cfd-11e5-96f0-8e4e70a48d19</ObjectKey></Node></To></Link><Link type="identity->service:ReferredBy"><From><Node type="urn:com:soa:ObjectKey"><ObjectKey class="com.soa.security.util.QualifiedUserName">Local Domain\cOIoYyNp1QM96q3RQsXndA==</ObjectKey></Node></From><To><Node type="urn:com:soa:ObjectKey"><ObjectKey class="com.soa.service.model.ServiceKey">uddi:f6ca41eb-4c21-11e5-96f0-8e4e70a48d19</ObjectKey></Node></To></Link><Link type="service->identity:refer"><From><Node type="urn:com:soa:ObjectKey"><ObjectKey class="com.soa.service.model.ServiceKey">uddi:f6ca41eb-4c21-11e5-96f0-8e4e70a48d19</ObjectKey></Node></From><To><Node type="urn:com:soa:ObjectKey"><ObjectKey class="com.soa.security.util.QualifiedUserName">Local Domain\cOIoYyNp1QM96q3RQsXndA==</ObjectKey></Node></To></Link><Link type="service->org:parent"><From><Node type="urn:com:soa:ObjectKey"><ObjectKey class="com.soa.service.model.ServiceKey">uddi:45859ff6-4cfd-11e5-96f0-8e4e70a48d19</ObjectKey></Node></From><To><Node type="urn:com:soa:ObjectKey"><ObjectKey class="com.soa.organization.model.OrganizationKey">uddi:a3a9ce62-4b66-11e5-91f8-92d0b89fb9e1</ObjectKey></Node></To></Link><Link type="service->contract:refer"><From><Node type="urn:com:soa:ObjectKey"><ObjectKey class="com.soa.service.model.ServiceKey">uddi:45859ff6-4cfd-11e5-96f0-8e4e70a48d19</ObjectKey></Node></From><To><Node type="urn:com:soa:ObjectKey"><ObjectKey class="com.soa.contracts.ContractKey">590a1db1-4cfd-11e5-96f0-8e4e70a48d19:1092</ObjectKey></Node></To></Link><Link type="service->org:parent"><From><Node type="urn:com:soa:ObjectKey"><ObjectKey class="com.soa.service.model.ServiceKey">uddi:f6ca41eb-4c21-11e5-96f0-8e4e70a48d19</ObjectKey></Node></From><To><Node type="urn:com:soa:ObjectKey"><ObjectKey class="com.soa.organization.model.OrganizationKey">uddi:a3a9ce62-4b66-11e5-91f8-92d0b89fb9e1</ObjectKey></Node></To></Link><Link type="endpoint->service:parent"><From><Node type="urn:com:soa:ObjectKey"><ObjectKey class="com.soa.service.endpoint.EndpointKey">uddi:f6ee6bc3-4c21-11e5-96f0-8e4e70a48d19</ObjectKey></Node></From><To><Node type="urn:com:soa:ObjectKey"><ObjectKey class="com.soa.service.model.ServiceKey">uddi:f6ca41eb-4c21-11e5-96f0-8e4e70a48d19</ObjectKey></Node></To></Link><Link type="service->interface:ImplementedBy"><From><Node type="urn:com:soa:ObjectKey"><ObjectKey class="com.soa.service.model.ServiceKey">uddi:f6ca41eb-4c21-11e5-96f0-8e4e70a48d19</ObjectKey></Node></From><To><Node type="urn:com:soa:ObjectKey"><ObjectKey class="com.soa.wsdl.model.impl.WsdlInterfaceImpl">uddi:af78cf03-88cb-8ec2-fd46-ee9ba105eee1</ObjectKey></Node></To></Link><Link type="service->bndoperation:child"><From><Node type="urn:com:soa:ObjectKey"><ObjectKey class="com.soa.service.model.ServiceKey">uddi:f6932c53-4c21-11e5-96f0-8e4e70a48d19</ObjectKey></Node></From><To><Node type="urn:com:soa:ObjectKey"><ObjectKey class="com.soa.service.operation.model.BindingOperationQualifiedKey">{https://www.alertsite.com/report-api/}Alert_Site_API$$${https://www.alertsite.com/report-api/}Alert_Site_API_Binding$$$GET__sitestatus_C85701</ObjectKey></Node></To></Link><Link type="service->operation:child"><From><Node type="urn:com:soa:ObjectKey"><ObjectKey class="com.soa.service.model.ServiceKey">uddi:455e41ce-4cfd-11e5-96f0-8e4e70a48d19</ObjectKey></Node></From><To><Node type="urn:com:soa:ObjectKey"><ObjectKey class="com.soa.service.operation.model.OperationKey">4578ceb2-4cfd-11e5-96f0-8e4e70a48d19</ObjectKey></Node></To></Link><Link type="operational_policy->org:parent"><From><Node type="urn:com:soa:ObjectKey"><ObjectKey class="com.soa.policy.config.model.PolicyKey">urn:uuid:03140153-4c08-11e5-96f0-8e4e70a48d19</ObjectKey></Node></From><To><Node type="urn:com:soa:ObjectKey"><ObjectKey class="com.soa.organization.model.OrganizationKey">uddi:a3a9ce62-4b66-11e5-91f8-92d0b89fb9e1</ObjectKey></Node></To></Link><Link type="service->org:parent"><From><Node type="urn:com:soa:ObjectKey"><ObjectKey class="com.soa.service.model.ServiceKey">uddi:455e41ce-4cfd-11e5-96f0-8e4e70a48d19</ObjectKey></Node></From><To><Node type="urn:com:soa:ObjectKey"><ObjectKey class="com.soa.organization.model.OrganizationKey">uddi:a3a9ce62-4b66-11e5-91f8-92d0b89fb9e1</ObjectKey></Node></To></Link><Link type="service->operation:child"><From><Node type="urn:com:soa:ObjectKey"><ObjectKey class="com.soa.service.model.ServiceKey">uddi:f6932c53-4c21-11e5-96f0-8e4e70a48d19</ObjectKey></Node></From><To><Node type="urn:com:soa:ObjectKey"><ObjectKey class="com.soa.service.operation.model.OperationKey">f6bcad57-4c21-11e5-96f0-8e4e70a48d19</ObjectKey></Node></To></Link><Link type="service->bndoperation:child"><From><Node type="urn:com:soa:ObjectKey"><ObjectKey class="com.soa.service.model.ServiceKey">uddi:45859ff6-4cfd-11e5-96f0-8e4e70a48d19</ObjectKey></Node></From><To><Node type="urn:com:soa:ObjectKey"><ObjectKey class="com.soa.service.operation.model.BindingOperationQualifiedKey">{https://www.alertsite.com/report-api/}AlertSite_Detail_API_vs0$$${https://www.alertsite.com/report-api/}AlertSite_Detail_API_Binding$$$GET__detail_C85701</ObjectKey></Node></To></Link><Link type="interface->service:implements"><From><Node type="urn:com:soa:ObjectKey"><ObjectKey class="com.soa.wsdl.model.impl.WsdlInterfaceImpl">uddi:4b5b510e-b26d-23af-f15d-63978be6f8a0</ObjectKey></Node></From><To><Node type="urn:com:soa:ObjectKey"><ObjectKey class="com.soa.service.model.ServiceKey">uddi:455e41ce-4cfd-11e5-96f0-8e4e70a48d19</ObjectKey></Node></To></Link><Link type="binding->service:implements"><From><Node type="urn:com:soa:ObjectKey"><ObjectKey class="com.soa.wsdl.model.impl.WsdlBindingImpl">uddi:3ed06ec4-79fb-2f72-cec9-6912bf453002</ObjectKey></Node></From><To><Node type="urn:com:soa:ObjectKey"><ObjectKey class="com.soa.service.model.ServiceKey">uddi:f6932c53-4c21-11e5-96f0-8e4e70a48d19</ObjectKey></Node></To></Link><Link type="org->operational_policy:child"><From><Node type="urn:com:soa:ObjectKey"><ObjectKey class="com.soa.organization.model.OrganizationKey">uddi:a3a9ce62-4b66-11e5-91f8-92d0b89fb9e1</ObjectKey></Node></From><To><Node type="urn:com:soa:ObjectKey"><ObjectKey class="com.soa.policy.config.model.PolicyKey">urn:uuid:03140153-4c08-11e5-96f0-8e4e70a48d19</ObjectKey></Node></To></Link><Link type="operational_policy->org:parent"><From><Node type="urn:com:soa:ObjectKey"><ObjectKey class="com.soa.policy.config.model.PolicyKey">urn:uuid:113d0958-4d85-11e5-9abb-a01b6c8cd226</ObjectKey></Node></From><To><Node type="urn:com:soa:ObjectKey"><ObjectKey class="com.soa.organization.model.OrganizationKey">uddi:a3a9ce62-4b66-11e5-91f8-92d0b89fb9e1</ObjectKey></Node></To></Link><Link type="contract->org:parent"><From><Node type="urn:com:soa:ObjectKey"><ObjectKey class="com.soa.contracts.ContractKey">590a1db1-4cfd-11e5-96f0-8e4e70a48d19:1092</ObjectKey></Node></From><To><Node type="urn:com:soa:ObjectKey"><ObjectKey class="com.soa.organization.model.OrganizationKey">uddi:a3a9ce62-4b66-11e5-91f8-92d0b89fb9e1</ObjectKey></Node></To></Link><Link type="operation->service:parent"><From><Node type="urn:com:soa:ObjectKey"><ObjectKey class="com.soa.service.operation.model.OperationKey">f6dc6a5f-4c21-11e5-96f0-8e4e70a48d19</ObjectKey></Node></From><To><Node type="urn:com:soa:ObjectKey"><ObjectKey class="com.soa.service.model.ServiceKey">uddi:f6ca41eb-4c21-11e5-96f0-8e4e70a48d19</ObjectKey></Node></To></Link><Link type="binding->interface:ImplementedBy"><From><Node type="urn:com:soa:ObjectKey"><ObjectKey class="com.soa.wsdl.model.impl.WsdlBindingImpl">uddi:4979d402-8e1c-3999-0f9a-43b8f5de3650</ObjectKey></Node></From><To><Node type="urn:com:soa:ObjectKey"><ObjectKey class="com.soa.wsdl.model.impl.WsdlInterfaceImpl">uddi:4b5b510e-b26d-23af-f15d-63978be6f8a0</ObjectKey></Node></To></Link><Link type="service->bndoperation:child"><From><Node type="urn:com:soa:ObjectKey"><ObjectKey class="com.soa.service.model.ServiceKey">uddi:455e41ce-4cfd-11e5-96f0-8e4e70a48d19</ObjectKey></Node></From><To><Node type="urn:com:soa:ObjectKey"><ObjectKey class="com.soa.service.operation.model.BindingOperationQualifiedKey">{https://www.alertsite.com/report-api/}AlertSite_Detail_API$$${https://www.alertsite.com/report-api/}AlertSite_Detail_API_Binding$$$GET__detail_C85701</ObjectKey></Node></To></Link><Link type="org->contract:child"><From><Node type="urn:com:soa:ObjectKey"><ObjectKey class="com.soa.organization.model.OrganizationKey">uddi:a3a9ce62-4b66-11e5-91f8-92d0b89fb9e1</ObjectKey></Node></From><To><Node type="urn:com:soa:ObjectKey"><ObjectKey class="com.soa.contracts.ContractKey">590a1db1-4cfd-11e5-96f0-8e4e70a48d19:1092</ObjectKey></Node></To></Link><Link type="org->operational_policy:child"><From><Node type="urn:com:soa:ObjectKey"><ObjectKey class="com.soa.organization.model.OrganizationKey">uddi:a3a9ce62-4b66-11e5-91f8-92d0b89fb9e1</ObjectKey></Node></From><To><Node type="urn:com:soa:ObjectKey"><ObjectKey class="com.soa.policy.config.model.PolicyKey">urn:uuid:113d0958-4d85-11e5-9abb-a01b6c8cd226</ObjectKey></Node></To></Link><Link type="interface->service:implements"><From><Node type="urn:com:soa:ObjectKey"><ObjectKey class="com.soa.wsdl.model.impl.WsdlInterfaceImpl">uddi:af78cf03-88cb-8ec2-fd46-ee9ba105eee1</ObjectKey></Node></From><To><Node type="urn:com:soa:ObjectKey"><ObjectKey class="com.soa.service.model.ServiceKey">uddi:f6932c53-4c21-11e5-96f0-8e4e70a48d19</ObjectKey></Node></To></Link><Link type="bndoperation->service:parent"><From><Node type="urn:com:soa:ObjectKey"><ObjectKey class="com.soa.service.operation.model.BindingOperationQualifiedKey">{https://www.alertsite.com/report-api/}Alert_Site_API_vs0$$${https://www.alertsite.com/report-api/}Alert_Site_API_Binding$$$GET__sitestatus_C85701</ObjectKey></Node></From><To><Node type="urn:com:soa:ObjectKey"><ObjectKey class="com.soa.service.model.ServiceKey">uddi:f6ca41eb-4c21-11e5-96f0-8e4e70a48d19</ObjectKey></Node></To></Link><Link type="org->service:child"><From><Node type="urn:com:soa:ObjectKey"><ObjectKey class="com.soa.organization.model.OrganizationKey">uddi:a3a9ce62-4b66-11e5-91f8-92d0b89fb9e1</ObjectKey></Node></From><To><Node type="urn:com:soa:ObjectKey"><ObjectKey class="com.soa.service.model.ServiceKey">uddi:f6932c53-4c21-11e5-96f0-8e4e70a48d19</ObjectKey></Node></To></Link><Link type="service->endpoint:child"><From><Node type="urn:com:soa:ObjectKey"><ObjectKey class="com.soa.service.model.ServiceKey">uddi:f6932c53-4c21-11e5-96f0-8e4e70a48d19</ObjectKey></Node></From><To><Node type="urn:com:soa:ObjectKey"><ObjectKey class="com.soa.service.endpoint.EndpointKey">uddi:f6c55fea-4c21-11e5-96f0-8e4e70a48d19</ObjectKey></Node></To></Link><Link type="operationalpolicy->service:refer"><From><Node type="urn:com:soa:ObjectKey"><ObjectKey class="com.soa.policy.config.model.PolicyKey">urn:uuid:113d0958-4d85-11e5-9abb-a01b6c8cd226</ObjectKey></Node></From><To><Node type="urn:com:soa:ObjectKey"><ObjectKey class="com.soa.service.model.ServiceKey">uddi:45859ff6-4cfd-11e5-96f0-8e4e70a48d19</ObjectKey></Node></To></Link><Link type="interface->binding:implements"><From><Node type="urn:com:soa:ObjectKey"><ObjectKey class="com.soa.wsdl.model.impl.WsdlInterfaceImpl">uddi:4b5b510e-b26d-23af-f15d-63978be6f8a0</ObjectKey></Node></From><To><Node type="urn:com:soa:ObjectKey"><ObjectKey class="com.soa.wsdl.model.impl.WsdlBindingImpl">uddi:4979d402-8e1c-3999-0f9a-43b8f5de3650</ObjectKey></Node></To></Link><Link type="virtualop->bpel:route"><From><Node type="urn:com:soa:ObjectKey"><ObjectKey class="com.soa.service.operation.model.OperationKey">45983d9a-4cfd-11e5-96f0-8e4e70a48d19</ObjectKey></Node></From><To><Node type="urn:com:soa:ObjectKey"><ObjectKey class="com.soa.bpel.BpelKey">bpel:459ea63d-4cfd-11e5-96f0-8e4e70a48d19</ObjectKey></Node></To></Link><Link type="service->binding:ImplementedBy"><From><Node type="urn:com:soa:ObjectKey"><ObjectKey class="com.soa.service.model.ServiceKey">uddi:f6932c53-4c21-11e5-96f0-8e4e70a48d19</ObjectKey></Node></From><To><Node type="urn:com:soa:ObjectKey"><ObjectKey class="com.soa.wsdl.model.impl.WsdlBindingImpl">uddi:3ed06ec4-79fb-2f72-cec9-6912bf453002</ObjectKey></Node></To></Link><Link type="bpel->virtualop:routedBy"><From><Node type="urn:com:soa:ObjectKey"><ObjectKey class="com.soa.bpel.BpelKey">bpel:459ea63d-4cfd-11e5-96f0-8e4e70a48d19</ObjectKey></Node></From><To><Node type="urn:com:soa:ObjectKey"><ObjectKey class="com.soa.service.operation.model.OperationKey">45983d9a-4cfd-11e5-96f0-8e4e70a48d19</ObjectKey></Node></To></Link><Link type="bndoperation->service:parent"><From><Node type="urn:com:soa:ObjectKey"><ObjectKey class="com.soa.service.operation.model.BindingOperationQualifiedKey">{https://www.alertsite.com/report-api/}AlertSite_Detail_API$$${https://www.alertsite.com/report-api/}AlertSite_Detail_API_Binding$$$GET__detail_C85701</ObjectKey></Node></From><To><Node type="urn:com:soa:ObjectKey"><ObjectKey class="com.soa.service.model.ServiceKey">uddi:455e41ce-4cfd-11e5-96f0-8e4e70a48d19</ObjectKey></Node></To></Link><Link type="service->bndoperation:child"><From><Node type="urn:com:soa:ObjectKey"><ObjectKey class="com.soa.service.model.ServiceKey">uddi:f6ca41eb-4c21-11e5-96f0-8e4e70a48d19</ObjectKey></Node></From><To><Node type="urn:com:soa:ObjectKey"><ObjectKey class="com.soa.service.operation.model.BindingOperationQualifiedKey">{https://www.alertsite.com/report-api/}Alert_Site_API_vs0$$${https://www.alertsite.com/report-api/}Alert_Site_API_Binding$$$GET__sitestatus_C85701</ObjectKey></Node></To></Link><Link type="service->operationalpolicy:ReferedBy"><From><Node type="urn:com:soa:ObjectKey"><ObjectKey class="com.soa.service.model.ServiceKey">uddi:f6ca41eb-4c21-11e5-96f0-8e4e70a48d19</ObjectKey></Node></From><To><Node type="urn:com:soa:ObjectKey"><ObjectKey class="com.soa.policy.config.model.PolicyKey">DetailedAuditing</ObjectKey></Node></To></Link><Link type="service->operationalpolicy:ReferedBy"><From><Node type="urn:com:soa:ObjectKey"><ObjectKey class="com.soa.service.model.ServiceKey">uddi:45859ff6-4cfd-11e5-96f0-8e4e70a48d19</ObjectKey></Node></From><To><Node type="urn:com:soa:ObjectKey"><ObjectKey class="com.soa.policy.config.model.PolicyKey">DetailedAuditing</ObjectKey></Node></To></Link><Link type="identity->service:ReferredBy"><From><Node type="urn:com:soa:ObjectKey"><ObjectKey class="com.soa.security.util.QualifiedUserName">Local Domain\gRg0vmfLUG+5KFKdlfI11w==</ObjectKey></Node></From><To><Node type="urn:com:soa:ObjectKey"><ObjectKey class="com.soa.service.model.ServiceKey">uddi:45859ff6-4cfd-11e5-96f0-8e4e70a48d19</ObjectKey></Node></To></Link><Link type="service->identity:refer"><From><Node type="urn:com:soa:ObjectKey"><ObjectKey class="com.soa.service.model.ServiceKey">uddi:45859ff6-4cfd-11e5-96f0-8e4e70a48d19</ObjectKey></Node></From><To><Node type="urn:com:soa:ObjectKey"><ObjectKey class="com.soa.security.util.QualifiedUserName">Local Domain\gRg0vmfLUG+5KFKdlfI11w==</ObjectKey></Node></To></Link><Link type="service->operation:child"><From><Node type="urn:com:soa:ObjectKey"><ObjectKey class="com.soa.service.model.ServiceKey">uddi:45859ff6-4cfd-11e5-96f0-8e4e70a48d19</ObjectKey></Node></From><To><Node type="urn:com:soa:ObjectKey"><ObjectKey class="com.soa.service.operation.model.OperationKey">45983d9a-4cfd-11e5-96f0-8e4e70a48d19</ObjectKey></Node></To></Link><Link type="operationalpolicy->service:refer"><From><Node type="urn:com:soa:ObjectKey"><ObjectKey class="com.soa.policy.config.model.PolicyKey">DetailedAuditing</ObjectKey></Node></From><To><Node type="urn:com:soa:ObjectKey"><ObjectKey class="com.soa.service.model.ServiceKey">uddi:f6ca41eb-4c21-11e5-96f0-8e4e70a48d19</ObjectKey></Node></To></Link><Link type="service->interface:ImplementedBy"><From><Node type="urn:com:soa:ObjectKey"><ObjectKey class="com.soa.service.model.ServiceKey">uddi:f6932c53-4c21-11e5-96f0-8e4e70a48d19</ObjectKey></Node></From><To><Node type="urn:com:soa:ObjectKey"><ObjectKey class="com.soa.wsdl.model.impl.WsdlInterfaceImpl">uddi:af78cf03-88cb-8ec2-fd46-ee9ba105eee1</ObjectKey></Node></To></Link><Link type="operationalpolicy->service:refer"><From><Node type="urn:com:soa:ObjectKey"><ObjectKey class="com.soa.policy.config.model.PolicyKey">DetailedAuditing</ObjectKey></Node></From><To><Node type="urn:com:soa:ObjectKey"><ObjectKey class="com.soa.service.model.ServiceKey">uddi:45859ff6-4cfd-11e5-96f0-8e4e70a48d19</ObjectKey></Node></To></Link><Link type="org->contract:child"><From><Node type="urn:com:soa:ObjectKey"><ObjectKey class="com.soa.organization.model.OrganizationKey">uddi:a3a9ce62-4b66-11e5-91f8-92d0b89fb9e1</ObjectKey></Node></From><To><Node type="urn:com:soa:ObjectKey"><ObjectKey class="com.soa.contracts.ContractKey">04b41e04-4c22-11e5-96f0-8e4e70a48d19:1091</ObjectKey></Node></To></Link><Link type="service->endpoint:child"><From><Node type="urn:com:soa:ObjectKey"><ObjectKey class="com.soa.service.model.ServiceKey">uddi:45859ff6-4cfd-11e5-96f0-8e4e70a48d19</ObjectKey></Node></From><To><Node type="urn:com:soa:ObjectKey"><ObjectKey class="com.soa.service.endpoint.EndpointKey">uddi:45a6e39e-4cfd-11e5-96f0-8e4e70a48d19</ObjectKey></Node></To></Link><Link type="virtualop->bpel:route"><From><Node type="urn:com:soa:ObjectKey"><ObjectKey class="com.soa.service.operation.model.OperationKey">f6dc6a5f-4c21-11e5-96f0-8e4e70a48d19</ObjectKey></Node></From><To><Node type="urn:com:soa:ObjectKey"><ObjectKey class="com.soa.bpel.BpelKey">bpel:f6e36f42-4c21-11e5-96f0-8e4e70a48d19</ObjectKey></Node></To></Link><Link type="bpel->virtualop:routedBy"><From><Node type="urn:com:soa:ObjectKey"><ObjectKey class="com.soa.bpel.BpelKey">bpel:f6e36f42-4c21-11e5-96f0-8e4e70a48d19</ObjectKey></Node></From><To><Node type="urn:com:soa:ObjectKey"><ObjectKey class="com.soa.service.operation.model.OperationKey">f6dc6a5f-4c21-11e5-96f0-8e4e70a48d19</ObjectKey></Node></To></Link><Link type="service->operation:child"><From><Node type="urn:com:soa:ObjectKey"><ObjectKey class="com.soa.service.model.ServiceKey">uddi:f6ca41eb-4c21-11e5-96f0-8e4e70a48d19</ObjectKey></Node></From><To><Node type="urn:com:soa:ObjectKey"><ObjectKey class="com.soa.service.operation.model.OperationKey">f6dc6a5f-4c21-11e5-96f0-8e4e70a48d19</ObjectKey></Node></To></Link><Link type="binding->service:implements"><From><Node type="urn:com:soa:ObjectKey"><ObjectKey class="com.soa.wsdl.model.impl.WsdlBindingImpl">uddi:4979d402-8e1c-3999-0f9a-43b8f5de3650</ObjectKey></Node></From><To><Node type="urn:com:soa:ObjectKey"><ObjectKey class="com.soa.service.model.ServiceKey">uddi:45859ff6-4cfd-11e5-96f0-8e4e70a48d19</ObjectKey></Node></To></Link><Link type="binding->service:implements"><From><Node type="urn:com:soa:ObjectKey"><ObjectKey class="com.soa.wsdl.model.impl.WsdlBindingImpl">uddi:3ed06ec4-79fb-2f72-cec9-6912bf453002</ObjectKey></Node></From><To><Node type="urn:com:soa:ObjectKey"><ObjectKey class="com.soa.service.model.ServiceKey">uddi:f6ca41eb-4c21-11e5-96f0-8e4e70a48d19</ObjectKey></Node></To></Link><Link type="proxysvc->service:proxyFor"><From><Node type="urn:com:soa:ObjectKey"><ObjectKey class="com.soa.service.model.ServiceKey">uddi:f6ca41eb-4c21-11e5-96f0-8e4e70a48d19</ObjectKey></Node></From><To><Node type="urn:com:soa:ObjectKey"><ObjectKey class="com.soa.service.model.ServiceKey">uddi:f6932c53-4c21-11e5-96f0-8e4e70a48d19</ObjectKey></Node></To></Link><Link type="endpoint->service:parent"><From><Node type="urn:com:soa:ObjectKey"><ObjectKey class="com.soa.service.endpoint.EndpointKey">uddi:45818145-4cfd-11e5-96f0-8e4e70a48d19</ObjectKey></Node></From><To><Node type="urn:com:soa:ObjectKey"><ObjectKey class="com.soa.service.model.ServiceKey">uddi:455e41ce-4cfd-11e5-96f0-8e4e70a48d19</ObjectKey></Node></To></Link><Link type="contract->org:parent"><From><Node type="urn:com:soa:ObjectKey"><ObjectKey class="com.soa.contracts.ContractKey">04b41e04-4c22-11e5-96f0-8e4e70a48d19:1091</ObjectKey></Node></From><To><Node type="urn:com:soa:ObjectKey"><ObjectKey class="com.soa.organization.model.OrganizationKey">uddi:a3a9ce62-4b66-11e5-91f8-92d0b89fb9e1</ObjectKey></Node></To></Link><Link type="binding->service:implements"><From><Node type="urn:com:soa:ObjectKey"><ObjectKey class="com.soa.wsdl.model.impl.WsdlBindingImpl">uddi:4979d402-8e1c-3999-0f9a-43b8f5de3650</ObjectKey></Node></From><To><Node type="urn:com:soa:ObjectKey"><ObjectKey class="com.soa.service.model.ServiceKey">uddi:455e41ce-4cfd-11e5-96f0-8e4e70a48d19</ObjectKey></Node></To></Link><Link type="service->endpoint:child"><From><Node type="urn:com:soa:ObjectKey"><ObjectKey class="com.soa.service.model.ServiceKey">uddi:f6ca41eb-4c21-11e5-96f0-8e4e70a48d19</ObjectKey></Node></From><To><Node type="urn:com:soa:ObjectKey"><ObjectKey class="com.soa.service.endpoint.EndpointKey">uddi:f6ee6bc3-4c21-11e5-96f0-8e4e70a48d19</ObjectKey></Node></To></Link><Link type="interface->binding:implements"><From><Node type="urn:com:soa:ObjectKey"><ObjectKey class="com.soa.wsdl.model.impl.WsdlInterfaceImpl">uddi:af78cf03-88cb-8ec2-fd46-ee9ba105eee1</ObjectKey></Node></From><To><Node type="urn:com:soa:ObjectKey"><ObjectKey class="com.soa.wsdl.model.impl.WsdlBindingImpl">uddi:3ed06ec4-79fb-2f72-cec9-6912bf453002</ObjectKey></Node></To></Link><Link type="service->operationalpolicy:ReferedBy"><From><Node type="urn:com:soa:ObjectKey"><ObjectKey class="com.soa.service.model.ServiceKey">uddi:45859ff6-4cfd-11e5-96f0-8e4e70a48d19</ObjectKey></Node></From><To><Node type="urn:com:soa:ObjectKey"><ObjectKey class="com.soa.policy.config.model.PolicyKey">urn:uuid:113d0958-4d85-11e5-9abb-a01b6c8cd226</ObjectKey></Node></To></Link><Link type="service->org:parent"><From><Node type="urn:com:soa:ObjectKey"><ObjectKey class="com.soa.service.model.ServiceKey">uddi:f6932c53-4c21-11e5-96f0-8e4e70a48d19</ObjectKey></Node></From><To><Node type="urn:com:soa:ObjectKey"><ObjectKey class="com.soa.organization.model.OrganizationKey">uddi:a3a9ce62-4b66-11e5-91f8-92d0b89fb9e1</ObjectKey></Node></To></Link><Link type="container->service:HostedBy"><From><Node type="urn:com:soa:ObjectKey"><ObjectKey class="com.soa.svccontainer.ContainerKey">c3bdd061-c729-43eb-895d-e561b4b5</ObjectKey></Node></From><To><Node type="urn:com:soa:ObjectKey"><ObjectKey class="com.soa.service.model.ServiceKey">uddi:45859ff6-4cfd-11e5-96f0-8e4e70a48d19</ObjectKey></Node></To></Link><Link type="container->service:HostedBy"><From><Node type="urn:com:soa:ObjectKey"><ObjectKey class="com.soa.svccontainer.ContainerKey">c3bdd061-c729-43eb-895d-e561b4b5</ObjectKey></Node></From><To><Node type="urn:com:soa:ObjectKey"><ObjectKey class="com.soa.service.model.ServiceKey">uddi:f6ca41eb-4c21-11e5-96f0-8e4e70a48d19</ObjectKey></Node></To></Link><Link type="binding->interface:ImplementedBy"><From><Node type="urn:com:soa:ObjectKey"><ObjectKey class="com.soa.wsdl.model.impl.WsdlBindingImpl">uddi:3ed06ec4-79fb-2f72-cec9-6912bf453002</ObjectKey></Node></From><To><Node type="urn:com:soa:ObjectKey"><ObjectKey class="com.soa.wsdl.model.impl.WsdlInterfaceImpl">uddi:af78cf03-88cb-8ec2-fd46-ee9ba105eee1</ObjectKey></Node></To></Link><Link type="operation->service:parent"><From><Node type="urn:com:soa:ObjectKey"><ObjectKey class="com.soa.service.operation.model.OperationKey">45983d9a-4cfd-11e5-96f0-8e4e70a48d19</ObjectKey></Node></From><To><Node type="urn:com:soa:ObjectKey"><ObjectKey class="com.soa.service.model.ServiceKey">uddi:45859ff6-4cfd-11e5-96f0-8e4e70a48d19</ObjectKey></Node></To></Link><Link type="org->operational_policy:child"><From><Node type="urn:com:soa:ObjectKey"><ObjectKey class="com.soa.organization.model.OrganizationKey">uddi:a3a9ce62-4b66-11e5-91f8-92d0b89fb9e1</ObjectKey></Node></From><To><Node type="urn:com:soa:ObjectKey"><ObjectKey class="com.soa.policy.config.model.PolicyKey">urn:uuid:bba55fb4-4c06-11e5-96f0-8e4e70a48d19</ObjectKey></Node></To></Link><Link type="contract->service:ReferedBy"><From><Node type="urn:com:soa:ObjectKey"><ObjectKey class="com.soa.contracts.ContractKey">590a1db1-4cfd-11e5-96f0-8e4e70a48d19:1092</ObjectKey></Node></From><To><Node type="urn:com:soa:ObjectKey"><ObjectKey class="com.soa.service.model.ServiceKey">uddi:45859ff6-4cfd-11e5-96f0-8e4e70a48d19</ObjectKey></Node></To></Link><Link type="service->contract:refer"><From><Node type="urn:com:soa:ObjectKey"><ObjectKey class="com.soa.service.model.ServiceKey">uddi:f6ca41eb-4c21-11e5-96f0-8e4e70a48d19</ObjectKey></Node></From><To><Node type="urn:com:soa:ObjectKey"><ObjectKey class="com.soa.contracts.ContractKey">04b41e04-4c22-11e5-96f0-8e4e70a48d19:1091</ObjectKey></Node></To></Link><Link type="org->service:child"><From><Node type="urn:com:soa:ObjectKey"><ObjectKey class="com.soa.organization.model.OrganizationKey">uddi:a3a9ce62-4b66-11e5-91f8-92d0b89fb9e1</ObjectKey></Node></From><To><Node type="urn:com:soa:ObjectKey"><ObjectKey class="com.soa.service.model.ServiceKey">uddi:455e41ce-4cfd-11e5-96f0-8e4e70a48d19</ObjectKey></Node></To></Link><Link type="service->binding:ImplementedBy"><From><Node type="urn:com:soa:ObjectKey"><ObjectKey class="com.soa.service.model.ServiceKey">uddi:f6ca41eb-4c21-11e5-96f0-8e4e70a48d19</ObjectKey></Node></From><To><Node type="urn:com:soa:ObjectKey"><ObjectKey class="com.soa.wsdl.model.impl.WsdlBindingImpl">uddi:3ed06ec4-79fb-2f72-cec9-6912bf453002</ObjectKey></Node></To></Link><Link type="service->binding:ImplementedBy"><From><Node type="urn:com:soa:ObjectKey"><ObjectKey class="com.soa.service.model.ServiceKey">uddi:45859ff6-4cfd-11e5-96f0-8e4e70a48d19</ObjectKey></Node></From><To><Node type="urn:com:soa:ObjectKey"><ObjectKey class="com.soa.wsdl.model.impl.WsdlBindingImpl">uddi:4979d402-8e1c-3999-0f9a-43b8f5de3650</ObjectKey></Node></To></Link><Link type="operational_policy->org:parent"><From><Node type="urn:com:soa:ObjectKey"><ObjectKey class="com.soa.policy.config.model.PolicyKey">urn:uuid:bba55fb4-4c06-11e5-96f0-8e4e70a48d19</ObjectKey></Node></From><To><Node type="urn:com:soa:ObjectKey"><ObjectKey class="com.soa.organization.model.OrganizationKey">uddi:a3a9ce62-4b66-11e5-91f8-92d0b89fb9e1</ObjectKey></Node></To></Link><Link type="identity->service:ReferredBy"><From><Node type="urn:com:soa:ObjectKey"><ObjectKey class="com.soa.security.util.QualifiedUserName">Local Domain\OBIGLvkyqufuU2D7k6jx6w==</ObjectKey></Node></From><To><Node type="urn:com:soa:ObjectKey"><ObjectKey class="com.soa.service.model.ServiceKey">uddi:455e41ce-4cfd-11e5-96f0-8e4e70a48d19</ObjectKey></Node></To></Link><Link type="service->identity:refer"><From><Node type="urn:com:soa:ObjectKey"><ObjectKey class="com.soa.service.model.ServiceKey">uddi:455e41ce-4cfd-11e5-96f0-8e4e70a48d19</ObjectKey></Node></From><To><Node type="urn:com:soa:ObjectKey"><ObjectKey class="com.soa.security.util.QualifiedUserName">Local Domain\OBIGLvkyqufuU2D7k6jx6w==</ObjectKey></Node></To></Link><Link type="endpoint->service:parent"><From><Node type="urn:com:soa:ObjectKey"><ObjectKey class="com.soa.service.endpoint.EndpointKey">uddi:f6c55fea-4c21-11e5-96f0-8e4e70a48d19</ObjectKey></Node></From><To><Node type="urn:com:soa:ObjectKey"><ObjectKey class="com.soa.service.model.ServiceKey">uddi:f6932c53-4c21-11e5-96f0-8e4e70a48d19</ObjectKey></Node></To></Link><Link type="service->interface:ImplementedBy"><From><Node type="urn:com:soa:ObjectKey"><ObjectKey class="com.soa.service.model.ServiceKey">uddi:45859ff6-4cfd-11e5-96f0-8e4e70a48d19</ObjectKey></Node></From><To><Node type="urn:com:soa:ObjectKey"><ObjectKey class="com.soa.wsdl.model.impl.WsdlInterfaceImpl">uddi:4b5b510e-b26d-23af-f15d-63978be6f8a0</ObjectKey></Node></To></Link><Link type="service->container:Hosts"><From><Node type="urn:com:soa:ObjectKey"><ObjectKey class="com.soa.service.model.ServiceKey">uddi:f6ca41eb-4c21-11e5-96f0-8e4e70a48d19</ObjectKey></Node></From><To><Node type="urn:com:soa:ObjectKey"><ObjectKey class="com.soa.svccontainer.ContainerKey">c3bdd061-c729-43eb-895d-e561b4b5</ObjectKey></Node></To></Link><Link type="service->container:Hosts"><From><Node type="urn:com:soa:ObjectKey"><ObjectKey class="com.soa.service.model.ServiceKey">uddi:45859ff6-4cfd-11e5-96f0-8e4e70a48d19</ObjectKey></Node></From><To><Node type="urn:com:soa:ObjectKey"><ObjectKey class="com.soa.svccontainer.ContainerKey">c3bdd061-c729-43eb-895d-e561b4b5</ObjectKey></Node></To></Link><Link type="operation->service:parent"><From><Node type="urn:com:soa:ObjectKey"><ObjectKey class="com.soa.service.operation.model.OperationKey">4578ceb2-4cfd-11e5-96f0-8e4e70a48d19</ObjectKey></Node></From><To><Node type="urn:com:soa:ObjectKey"><ObjectKey class="com.soa.service.model.ServiceKey">uddi:455e41ce-4cfd-11e5-96f0-8e4e70a48d19</ObjectKey></Node></To></Link><Link type="service->interface:ImplementedBy"><From><Node type="urn:com:soa:ObjectKey"><ObjectKey class="com.soa.service.model.ServiceKey">uddi:455e41ce-4cfd-11e5-96f0-8e4e70a48d19</ObjectKey></Node></From><To><Node type="urn:com:soa:ObjectKey"><ObjectKey class="com.soa.wsdl.model.impl.WsdlInterfaceImpl">uddi:4b5b510e-b26d-23af-f15d-63978be6f8a0</ObjectKey></Node></To></Link><Link type="operation->service:parent"><From><Node type="urn:com:soa:ObjectKey"><ObjectKey class="com.soa.service.operation.model.OperationKey">f6bcad57-4c21-11e5-96f0-8e4e70a48d19</ObjectKey></Node></From><To><Node type="urn:com:soa:ObjectKey"><ObjectKey class="com.soa.service.model.ServiceKey">uddi:f6932c53-4c21-11e5-96f0-8e4e70a48d19</ObjectKey></Node></To></Link><Link type="operationalpolicy->service:refer"><From><Node type="urn:com:soa:ObjectKey"><ObjectKey class="com.soa.policy.config.model.PolicyKey">urn:uuid:9c94e8e2-4c2a-11e5-96f0-8e4e70a48d19</ObjectKey></Node></From><To><Node type="urn:com:soa:ObjectKey"><ObjectKey class="com.soa.service.model.ServiceKey">uddi:f6ca41eb-4c21-11e5-96f0-8e4e70a48d19</ObjectKey></Node></To></Link><Link type="org->service:child"><From><Node type="urn:com:soa:ObjectKey"><ObjectKey class="com.soa.organization.model.OrganizationKey">uddi:a3a9ce62-4b66-11e5-91f8-92d0b89fb9e1</ObjectKey></Node></From><To><Node type="urn:com:soa:ObjectKey"><ObjectKey class="com.soa.service.model.ServiceKey">uddi:f6ca41eb-4c21-11e5-96f0-8e4e70a48d19</ObjectKey></Node></To></Link><Link type="org->service:child"><From><Node type="urn:com:soa:ObjectKey"><ObjectKey class="com.soa.organization.model.OrganizationKey">uddi:a3a9ce62-4b66-11e5-91f8-92d0b89fb9e1</ObjectKey></Node></From><To><Node type="urn:com:soa:ObjectKey"><ObjectKey class="com.soa.service.model.ServiceKey">uddi:45859ff6-4cfd-11e5-96f0-8e4e70a48d19</ObjectKey></Node></To></Link><Link type="interface->service:implements"><From><Node type="urn:com:soa:ObjectKey"><ObjectKey class="com.soa.wsdl.model.impl.WsdlInterfaceImpl">uddi:af78cf03-88cb-8ec2-fd46-ee9ba105eee1</ObjectKey></Node></From><To><Node type="urn:com:soa:ObjectKey"><ObjectKey class="com.soa.service.model.ServiceKey">uddi:f6ca41eb-4c21-11e5-96f0-8e4e70a48d19</ObjectKey></Node></To></Link><Link type="service->binding:ImplementedBy"><From><Node type="urn:com:soa:ObjectKey"><ObjectKey class="com.soa.service.model.ServiceKey">uddi:455e41ce-4cfd-11e5-96f0-8e4e70a48d19</ObjectKey></Node></From><To><Node type="urn:com:soa:ObjectKey"><ObjectKey class="com.soa.wsdl.model.impl.WsdlBindingImpl">uddi:4979d402-8e1c-3999-0f9a-43b8f5de3650</ObjectKey></Node></To></Link></Links></DepedendencyGraph>