<?xml version="1.0" encoding="UTF-8"?>
<ActivityGraph xmlns="http://soa.com/uri/products/activity/graph/xsd/1.0"><PositionElements><Position ActivityName="Receive"><XPosition>100</XPosition><YPosition>100</YPosition></Position><Position ActivityName="Script1"><XPosition>149</XPosition><YPosition>204</YPosition></Position><Position ActivityName="Invoke"><XPosition>430</XPosition><YPosition>130.5</YPosition></Position><Position ActivityName="Script2"><XPosition>540</XPosition><YPosition>220</YPosition></Position><Position ActivityName="Reply"><XPosition>620</XPosition><YPosition>110</YPosition></Position></PositionElements></ActivityGraph>