<?xml version="1.0" encoding="UTF-8"?>
<ActivityGraph xmlns="http://soa.com/uri/products/activity/graph/xsd/1.0"><PositionElements><Position ActivityName="Receive"><XPosition>100</XPosition><YPosition>100</YPosition></Position><Position ActivityName="Script1"><XPosition>194</XPosition><YPosition>204</YPosition></Position><Position ActivityName="Invoke"><XPosition>430</XPosition><YPosition>200.5</YPosition></Position><Position ActivityName="Script2"><XPosition>572</XPosition><YPosition>254</YPosition></Position><Position ActivityName="Reply"><XPosition>640</XPosition><YPosition>90</YPosition></Position></PositionElements></ActivityGraph>