<?xml version="1.0" encoding="UTF-8"?>
<process name="GET__sitestatus_C85701" ns2:processKey="bpel:f6e36f42-4c21-11e5-96f0-8e4e70a48d19" targetNamespace="https://www.alertsite.com/report-api/" xmlns="http://schemas.xmlsoap.org/ws/2003/03/business-process/" xmlns:ns10="http://soa.com/capabilities/service/virtualization/bpel/activity" xmlns:ns2="http://soa.com/bpel/ext" xmlns:ns3="http://soa.com/capabilities/service/virtualization/bpel" xmlns:ns4="http://schemas.xmlsoap.org/ws/2004/09/mex" xmlns:ns5="http://schemas.xmlsoap.org/ws/2006/02/addressingidentity" xmlns:ns6="http://www.w3.org/2000/09/xmldsig#" xmlns:ns7="http://docs.oasis-open.org/wss/2004/01/oasis-200401-wss-wssecurity-secext-1.0.xsd" xmlns:ns8="http://docs.oasis-open.org/wss/2004/01/oasis-200401-wss-wssecurity-utility-1.0.xsd" xmlns:ns9="http://schemas.xmlsoap.org/ws/2003/05/partner-link/"><ns9:partnerLinkType name="Alert_Site_API_PortTypeProvider"><ns9:role name="Provider"><ns9:portType name="ns11:Alert_Site_API_PortType" xmlns:ns11="https://www.alertsite.com/report-api/"/></ns9:role></ns9:partnerLinkType><ns9:partnerLinkType name="Alert_Site_API_PortTypeConsumer"><ns9:role name="Consumer"><ns9:portType name="ns11:Alert_Site_API_PortType" xmlns:ns11="https://www.alertsite.com/report-api/"/></ns9:role></ns9:partnerLinkType><ns9:partnerLinkType name="ActivityPortTypeConsumer"><ns9:role name="Consumer"><ns9:portType name="ns10:ActivityPortType"/></ns9:role></ns9:partnerLinkType><ns10:Activities><ns10:Activity ActivityType="ns11:ScriptedActivity" LastUpdated="1440795444446" Name="Script1" xmlns:ns11="http://soa.com/uri/products/activity/script/xsd/1.0"><ns2:ScriptedActivity xmlns="http://soa.com/uri/products/activity/audit/xsd/1.0" xmlns:ns2="http://soa.com/uri/products/activity/script/xsd/1.0" xmlns:ns3="http://soa.com/uri/products/activity/stripxml/xsd/1.0" xmlns:ns4="http://soa.com/uri/products/activity/xform/xsd/1.0" xmlns:ns5="http://soa.com/uri/products/activity/process/xsd/1.0" xmlns:ns6="http://soa.com/uri/products/activity/insertxml/xsd/1.0" xmlns:ns7="http://soa.com/uri/products/activity/insertcontent/xsd/1.0"><ns2:Language>js</ns2:Language><ns2:Script>auditLog.debug("Start Config To Add AlertSite headers");
var msg= processContext.getVariable("message");

var alertSiteMessage = msgFactory.create();
var auth = "Basic cGF1cmEuaGVyaXRhZ2VAYWthbmEuY29tOkFkZGkxNDAyIQ==";
auditLog.debug("this is auth: " + auth);
var headers =  alertSiteMessage.createTransportHeaders();
auditLog.debug("This headers =" + headers);
headers.add("Authorization", auth);
auditLog.debug("now set headers");
alertSiteMessage.setTransportHeaders(headers);

//Get all Query parameters
alertSiteMessage.setProperty("com.soa.message.TRANSPORT_QUERY", msg.getProperty("com.soa.message.TRANSPORT_QUERY"));

processContext.setVariable("alertSiteMessage", alertSiteMessage);
auditLog.debug("Done Configuring Authentication");
</ns2:Script></ns2:ScriptedActivity></ns10:Activity><ns10:Activity ActivityType="ns11:ScriptedActivity" LastUpdated="1440795444446" Name="Script2" xmlns:ns11="http://soa.com/uri/products/activity/script/xsd/1.0"><ns2:ScriptedActivity xmlns="http://soa.com/uri/products/activity/audit/xsd/1.0" xmlns:ns2="http://soa.com/uri/products/activity/script/xsd/1.0" xmlns:ns3="http://soa.com/uri/products/activity/stripxml/xsd/1.0" xmlns:ns4="http://soa.com/uri/products/activity/xform/xsd/1.0" xmlns:ns5="http://soa.com/uri/products/activity/process/xsd/1.0" xmlns:ns6="http://soa.com/uri/products/activity/insertxml/xsd/1.0" xmlns:ns7="http://soa.com/uri/products/activity/insertcontent/xsd/1.0"><ns2:Language>js</ns2:Language><ns2:Script>auditLog.debug("Start of removeing header");

var headers = processContext.getVariable("alertSiteResponse").getTransportHeaders();

headers.remove("Access-Control-Allow-Origin");

auditLog.debug("Done removing headers");
</ns2:Script></ns2:ScriptedActivity></ns10:Activity></ns10:Activities><ns9:partnerLinkType name="Alert_Site_API_PortTypeConsumer"><ns9:role name="Consumer"><ns9:portType name="ns11:Alert_Site_API_PortType" xmlns:ns11="https://www.alertsite.com/report-api/"/></ns9:role></ns9:partnerLinkType><partnerLinks><partnerLink myRole="Provider" name="initial" partnerLinkType="ns11:Alert_Site_API_PortTypeProvider" xmlns:ns11="https://www.alertsite.com/report-api/"/><partnerLink myRole="Consumer" name="nextHop" partnerLinkType="ns11:Alert_Site_API_PortTypeConsumer" xmlns:ns11="https://www.alertsite.com/report-api/"/><partnerLink myRole="Consumer" name="Activity" partnerLinkType="ns11:ActivityPortTypeConsumer" xmlns:ns11="https://www.alertsite.com/report-api/"/><partnerLink myRole="Consumer" name="Alert_Site_API_PortTypePartnerLink" partnerLinkType="ns11:Alert_Site_API_PortTypeConsumer" xmlns:ns11="https://www.alertsite.com/report-api/"/></partnerLinks><variables><variable messageType="ns11:ActivityMessage" name="message" xmlns:ns11="http://soa.com/process/activity"/><variable messageType="ns11:ActivityMessage" name="fault" xmlns:ns11="http://soa.com/process/activity"/><variable messageType="ns11:ActivityMessage" name="alertSiteMessage" xmlns:ns11="http://soa.com/process/activity"/><variable messageType="ns11:ActivityMessage" name="alertSiteResponse" xmlns:ns11="http://soa.com/process/activity"/></variables><faultHandlers><catchAll><sequence><reply faultName="ns2:ExistingFault" name="FaultReply" operation="GET__sitestatus_C85701" partnerLink="initial" portType="ns11:Alert_Site_API_PortType" variable="fault" xmlns:ns11="https://www.alertsite.com/report-api/"/></sequence></catchAll></faultHandlers><sequence><receive createInstance="yes" name="Receive" operation="GET__sitestatus_C85701" partnerLink="initial" portType="ns11:Alert_Site_API_PortType" variable="message" xmlns:ns11="https://www.alertsite.com/report-api/"/><invoke inputVariable="message" name="Script1" operation="invoke" outputVariable="message" partnerLink="Activity" portType="ns10:ActivityPortType"><ns2:InvocationExt endpoint="Script1" propagateExchange="true" service="ns10:ActivityService"/></invoke><invoke inputVariable="alertSiteMessage" name="Invoke" operation="GET__sitestatus_C85701" outputVariable="alertSiteResponse" partnerLink="Alert_Site_API_PortTypePartnerLink" portType="ns11:Alert_Site_API_PortType" xmlns:ns11="https://www.alertsite.com/report-api/"><ns2:InvocationExt service="ns11:Alert_Site_API"><ns2:Audit/></ns2:InvocationExt></invoke><invoke inputVariable="message" name="Script2" operation="invoke" outputVariable="message" partnerLink="Activity" portType="ns10:ActivityPortType"><ns2:InvocationExt endpoint="Script2" propagateExchange="true" service="ns10:ActivityService"/></invoke><reply name="Reply" operation="GET__sitestatus_C85701" partnerLink="initial" portType="ns11:Alert_Site_API_PortType" variable="alertSiteResponse" xmlns:ns11="https://www.alertsite.com/report-api/"/></sequence></process>