{
	"example": [
		{
			"displayNameKey": "abc.def.ghi",
			"viewName": "used_by_parser"
		}, {
			"displayNameKey": "abc.def.ghi",
			"viewName": "used_by_parser",
			"children": [
				{
					"displayNameKey": "abc.def.ghi",
					"viewName": "used_by_parser"
				}, {
					"displayNameKey": "abc.def.ghi",
					"viewName": "used_by_parser"
				}
			]
		}, {
			"displayNameKey": "abc.def.ghi",
			"view": {
				"objectType": "this will override the parser",
				"viewName": "view name"
			}
		}
	],
	"home": [
		{
			"displayNameKey": "resource.menu.home.personalinfodetails",
			"viewName": "personalinfodetails"
		}, {
			"displayNameKey": "resource.menu.home.accountsettingsdetails",
			"viewName": "accountsettingsdetails"
		}, {
			"displayNameKey": "resource.menu.home.useraccountsecuritydetails",
			"viewName": "useraccountsecurity"
		}
	],
	"api": [
		{
			"displayNameKey": "resource.menu.api.details.details",
			"viewName": "details"
		}, {
			"displayNameKey": "resource.menu.api.board",
			"viewName": "board",
			"widgetRef": "DashboardItemsFilter"
		}, {
			"displayNameKey": "resource.menu.api.details.monitor",
			"viewName": "monitor",
			"roleNames": ["Admin"],
			"children": [
				{
					"displayNameKey": "resource.menu.api.details.monitor.overview",
					"viewName": "monitor"
				}, {
					"displayNameKey": "resource.menu.api.details.monitor.charts",
					"viewName": "charts"
				}, {
					"displayNameKey": "resource.menu.api.details.monitor.logs",
					"viewName": "logs"
				}, {
					"displayNameKey": "resource.menu.api.details.monitor.licenses",
					"viewName": "licenses"
				},{
					"displayNameKey": "leftnav.alertsite",
					"viewName": "alertsite"
				}
			]
		}, {
			"displayNameKey": "resource.menu.api.details.documents",
			"viewName": "documents",
			"widgetRef": "DocTOC"
		}, {
			"displayNameKey": "resource.menu.api.details.legals",
			"viewName": "legal"
		}, {
			"displayNameKey": "resource.menu.api.visibility",
			"viewName": "apilicense",
			"roleNames": ["Admin", "SiteAdmin"],
			"postRenderer": "postRendererForAPIMenuVisibilityTab",
			"children": [
				{
					"displayNameKey": "resource.menu.api.groupaccess",
					"viewName": "groupaccess"
				}
			]
		}, {
			"displayNameKey": "resource.menu.api.admins",
			"viewName": "admins",
			"roleNames": ["Admin", "SiteAdmin"]
		}, {
			"displayNameKey": "resource.menu.api.connections",
			"viewName": "connections",
			"roleNames": ["Admin"]
		}, {
			"displayNameKey": "resource.menu.api.followers",
			"viewName": "followers",
			"roleNames": ["Admin"]
		}
	],
	"app": [
		{
			"displayNameKey": "resource.menu.app.details.details",
			"viewName": "details"
		}, {
			"displayNameKey": "resource.menu.app.board",
			"viewName": "board",
			"widgetRef": "DashboardItemsFilter"
		}, {
			"displayNameKey": "resource.menu.app.devconsole",
			"viewName": "devconsole",
			"roleNames": ["Admin"]
		},  {
			"displayNameKey": "resource.menu.app.details.monitor",
			"viewName": "monitor",
			"roleNames": ["Admin"],
			"children": [
				{
					"displayNameKey": "resource.menu.app.details.monitor.overview",
					"viewName": "monitor"
				}, {
					"displayNameKey": "resource.menu.app.details.monitor.charts",
					"viewName": "charts"
				}, {
					"displayNameKey": "resource.menu.app.details.monitor.logs",
					"viewName": "logs"
				}, {
					"displayNameKey": "resource.menu.app.details.monitor.licenses",
					"viewName": "licenses"
				}
			]
		}, {
			"displayNameKey": "resource.menu.app.teammembers",
			"viewName": "teammembers",
			"roleNames": ["Admin", "SiteAdmin"]
		}, {
			"displayNameKey": "resource.menu.app.connections",
			"viewName": "connections"
		}, {
			"displayNameKey": "resource.menu.app.followers",
			"viewName": "followers",
			"roleNames": ["Admin"]
		}
	],
	"group": [
		{
			"displayNameKey": "resource.menu.group.details",
			"viewName": "details"
		}, {
			"displayNameKey": "resource.menu.group.board",
			"viewName": "board",
			"widgetRef": "DashboardItemsFilter",
			"atmoResourceCondition": "true"
		}, {
			"displayNameKey": "resource.menu.group.members",
			"viewName": "members"
		}, {
			"displayNameKey": "resource.menu.group.admins",
			"viewName": "admins",
			"atmoResourceCondition": "true"
		}, {
			"displayNameKey": "resource.menu.group.followers",
			"viewName": "followers",
			"atmoResourceCondition": "true"
		}
	],
	"board": [
		{
			"displayNameKey": "resource.menu.board.details",
			"viewName": "details"
		}, {
			"displayNameKey": "resource.menu.board.board",
			"viewName": "board",
			"widgetRef": "DashboardItemsFilter",
			"atmoResourceCondition": "true"
		}, {
			"displayNameKey": "resource.menu.board.followers",
			"viewName": "followers",
			"atmoResourceCondition": "true"
		}
	],
	"system": [
		{
			"displayNameKey": "resource.menu.system.users",
			"viewName": "userslist",
			"roleNames": ["SiteAdmin"]
		}, {
			"displayNameKey": "resource.menu.system.siteadmins",
			"viewName": "siteadmins",
			"roleNames": ["SiteAdmin"]
		}, {
			"displayNameKey": "resource.menu.system.businessadmins",
			"viewName": "businessadmins",
			"roleNames": ["SiteAdmin", "BusinessAdmin"]
		}, {
			"displayNameKey": "resource.menu.system.securitydomains",
			"viewName": "securitydomains",
			"roleNames": ["SiteAdmin"]
		}, {
			"displayNameKey": "resource.menu.system.moderateforum",
			"viewName": "forum",
			"roleNames": ["ApiAdmin", "SiteAdmin", "BusinessAdmin"]
		}, {
			"displayNameKey": "resource.menu.system.actions",
			"viewName": "configimportexport",
			"roleNames": ["BusinessAdmin"]
		}, {
			"displayNameKey": "resource.menu.system.config",
			"viewName": "customstyles",
			"roleNames": ["SiteAdmin"],
			"children": [
				{
					"displayNameKey": "resource.menu.system.config.customStyles",
					"viewName": "customstyles",
					"roleNames": ["SiteAdmin"]
				}, {
					"displayNameKey": "resource.menu.system.config.logins",
					"viewName": "customlogins",
					"roleNames": ["SiteAdmin"]
				}, {
					"displayNameKey": "resource.menu.system.config.resources",
					"viewName": "configresources",
					"roleNames": ["SiteAdmin"]
				}
			]
		}, {
			"displayNameKey": "resource.menu.system.settings",
			"viewName": "configalerts",
			"roleNames": ["SiteAdmin"],
			"children": [
				 {
					"displayNameKey": "resource.menu.system.config.configalerts",
					"viewName": "configalerts"
				}, {
					"displayNameKey": "resource.menu.system.config.configapis",
					"viewName": "configapis"
				}, {
					"displayNameKey": "resource.menu.system.config.configapps",
					"viewName": "configapps"
				}, {
					"displayNameKey": "resource.menu.system.config.configcommentsettings",
					"viewName": "configcomments"
				}, {
					"displayNameKey": "resource.menu.system.config.configcontracts",
					"viewName": "configconnections"
				}, {
					"displayNameKey": "resource.menu.system.config.configbusinessdiscussionsettings",
					"viewName": "configbusinessdiscussionsettings"
				}, {
					"displayNameKey": "resource.menu.system.config.configgroups",
					"viewName": "configgroups"
				}, {
					"displayNameKey": "resource.menu.system.config.configbusinessreviewsettings",
					"viewName": "configbusinessreviewsettings"
				}, {
					"displayNameKey": "resource.menu.system.config.configbusinesssecuritysettings",
					"viewName": "configbusinesssecuritysettings"
				}, {
					"displayNameKey": "resource.menu.system.config.configtickets",
					"viewName": "configtickets"
				}, {
					"displayNameKey": "resource.menu.system.config.configusers",
					"viewName": "configusers"
				}
			]
		}, {
			"displayNameKey": "resource.menu.system.resource",
			"viewName": "scopes",
			"roleNames": ["SiteAdmin", "BusinessAdmin"]
		}, {
			"displayNameKey": "resource.menu.system.license",
			"viewName": "licenses",
			"roleNames": ["SiteAdmin", "BusinessAdmin"]
		}, {
			"displayNameKey": "resource.menu.system.workflows",
			"viewName": "workflows",
			"roleNames": ["SiteAdmin", "BusinessAdmin"]
		}
	],
	"license": [
		{
			"displayNameKey": "resource.menu.license.details",
			"viewName": "details"
		}, {
			"displayNameKey": "resource.menu.license.terms",
			"viewName": "terms"
		}, {
			"displayNameKey": "resource.menu.license.legals",
			"viewName": "legals"
		}
	],
	"user": [
		{
			"displayNameKey": "resource.menu.user.details",
			"viewName": "profiledetails"
		}, {
			"displayNameKey": "resource.menu.user.password",
			"viewName": "password"
		}, {
			"displayNameKey": "resource.menu.user.security",
			"viewName": "security"
		}, {
			"displayNameKey": "resource.menu.user.settings",
			"viewName": "settings"
		}
	]
}